BDM_id,BDM,Categorie,Plot_id
01,569118,Autre,010101
01,569118,Autre,010102
01,569118,Autre,010103
01,569118,Autre,010104
01,569118,Autre,010105
01,569118,Autre,010106
01,569118,Autre,010107
01,569118,Autre,010108
01,569118,Autre,010109
01,569118,ForetConifere,010401
01,569118,ForetConifere,010402
01,569118,ForetConifere,010403
01,569118,ForetConifere,010404
01,569118,ForetConifere,010405
01,569118,ForetConifere,010406
01,569118,ForetFeuillus,010501
01,569118,ForetMixe,010601
01,569118,lisiere,010901
01,569118,lisiere,010902
01,569118,lisiere,010903
01,569118,lisiere,010904
01,569118,pierrier,011101
01,569118,transport,011301
01,569118,ZoneConstruite,011501
02,563126,Autre,020101
02,563126,Autre,020102
02,563126,Autre,020103
02,563126,Autre,020104
02,563126,Autre,020105
02,563126,Autre,020106
02,563126,Autre,020107
02,563126,Autre,020108
02,563126,Autre,020109
02,563126,Autre,020110
02,563126,Autre,020111
02,563126,Autre,020112
02,563126,Autre,020113
02,563126,Carriere,020201
02,563126,ForetConifere,020401
02,563126,ForetFeuillus,020501
02,563126,ForetMixe,020601
02,563126,lisiere,020901
02,563126,pierrier,021101
02,563126,transport,021301
02,563126,transport,021302
02,563126,ZoneConstruite,021501
03,575126,Autre,030101
03,575126,Autre,030102
03,575126,Autre,030103
03,575126,Autre,030104
03,575126,Autre,030105
03,575126,Autre,030106
03,575126,Autre,030107
03,575126,Autre,030108
03,575126,Autre,030109
03,575126,Autre,030110
03,575126,Autre,030111
03,575126,Autre,030112
03,575126,ForetConifere,030401
03,575126,ForetConifere,030402
03,575126,ForetConifere,030403
03,575126,ForetFeuillus,030501
03,575126,ForetMixe,030601
03,575126,lisiere,030901
03,575126,lisiere,030902
03,575126,lisiere,030903
03,575126,PrairieSeche,031201
03,575126,transport,031301
03,575126,ZoneConstruite,031501
04,581134,Autre,040101
04,581134,Autre,040102
04,581134,Autre,040103
04,581134,Autre,040104
04,581134,Autre,040105
04,581134,Autre,040106
04,581134,Autre,040107
04,581134,Autre,040108
04,581134,Autre,040109
04,581134,Autre,040110
04,581134,Autre,040111
04,581134,Autre,040112
04,581134,Autre,040113
04,581134,ForetConifere,040401
04,581134,ForetMixe,040601
04,581134,Humide,040801
04,581134,lisiere,040901
04,581134,lisiere,040902
04,581134,marais,041001
04,581134,pierrier,041101
04,581134,PrairieSeche,041201
04,581134,PrairieSeche,041202
04,581134,transport,041301
04,581134,ZoneConstruite,041501
05,569134,Autre,050101
05,569134,Autre,050102
05,569134,Autre,050103
05,569134,Autre,050104
05,569134,Autre,050105
05,569134,Autre,050106
05,569134,Autre,050107
05,569134,ForetConifere,050401
05,569134,ForetConifere,050402
05,569134,ForetConifere,050403
05,569134,ForetConifere,050404
05,569134,ForetConifere,050405
05,569134,ForetConifere,050406
05,569134,ForetFeuillus,050501
05,569134,ForetMixe,050601
05,569134,ForetMixe,050602
05,569134,ForetMixe,050603
05,569134,ForetMixe,050604
05,569134,lisiere,050901
05,569134,lisiere,050902
05,569134,lisiere,050903
05,569134,transport,051301
05,569134,ZoneConstruite,051501
05,569134,ZoneConstruite,051502
06,557134,Autre,060101
06,557134,Autre,060102
06,557134,CulturePerm,060301
06,557134,CulturePerm,060302
06,557134,CulturePerm,060303
06,557134,ForetConifere,060401
06,557134,ForetConifere,060402
06,557134,ForetFeuillus,060501
06,557134,ForetFeuillus,060502
06,557134,ForetMixe,060601
06,557134,ForetMixe,060602
06,557134,ForetMixe,060603
06,557134,lisiere,060901
06,557134,transport,061301
06,557134,ZoneConstruite,061501
06,557134,ZoneConstruite,061502
07,575142,Autre,070101
07,575142,Autre,070102
07,575142,Autre,070103
07,575142,Autre,070104
07,575142,Autre,070105
07,575142,Autre,070106
07,575142,Autre,070107
07,575142,Autre,070108
07,575142,Autre,070109
07,575142,Autre,070110
07,575142,Autre,070111
07,575142,ForetConifere,070401
07,575142,ForetConifere,070402
07,575142,ForetConifere,070403
07,575142,ForetConifere,070404
07,575142,ForetConifere,070405
07,575142,ForetConifere,070406
07,575142,ForetConifere,070407
07,575142,ForetFeuillus,070501
07,575142,ForetMixe,070601
07,575142,lisiere,070901
07,575142,lisiere,070902
07,575142,transport,071301
07,575142,zalluviale,071401
07,575142,ZoneConstruite,071501
08,581150,Autre,080101
08,581150,Autre,080102
08,581150,Autre,080103
08,581150,Autre,080104
08,581150,Autre,080105
08,581150,Autre,080106
08,581150,Autre,080107
08,581150,Autre,080108
08,581150,Autre,080109
08,581150,Autre,080110
08,581150,Autre,080111
08,581150,Autre,080112
08,581150,Autre,080113
08,581150,Autre,080114
08,581150,ForetConifere,080401
08,581150,ForetConifere,080402
08,581150,ForetConifere,080403
08,581150,ForetMixe,080601
08,581150,Humide,080801
08,581150,lisiere,080901
08,581150,lisiere,080902
08,581150,marais,081001
08,581150,PrairieSeche,081201
08,581150,transport,081301
08,581150,ZoneConstruite,081501
09,563142,Autre,090101
09,563142,Autre,090102
09,563142,Autre,090103
09,563142,Autre,090104
09,563142,Autre,090105
09,563142,Autre,090106
09,563142,Autre,090107
09,563142,ForetConifere,090401
09,563142,ForetConifere,090402
09,563142,ForetConifere,090403
09,563142,ForetConifere,090404
09,563142,ForetConifere,090405
09,563142,ForetConifere,090406
09,563142,ForetConifere,090407
09,563142,ForetFeuillus,090501
09,563142,ForetFeuillus,090502
09,563142,ForetFeuillus,090503
09,563142,ForetMixe,090601
09,563142,ForetMixe,090602
09,563142,ForetMixe,090603
09,563142,ForetMixe,090604
09,563142,lisiere,090901
09,563142,lisiere,090902
09,563142,transport,091301
09,563142,ZoneConstruite,091501
10,557150,Autre,100101
10,557150,Autre,100102
10,557150,Autre,100103
10,557150,Autre,100104
10,557150,Autre,100105
10,557150,Autre,100106
10,557150,Autre,100107
10,557150,Autre,100108
10,557150,Autre,100109
10,557150,Autre,100110
10,557150,CulturePerm,100301
10,557150,ForetConifere,100401
10,557150,ForetFeuillus,100501
10,557150,ForetFeuillus,100502
10,557150,ForetMixe,100601
10,557150,ForetMixe,100602
10,557150,lisiere,100901
10,557150,lisiere,100902
10,557150,lisiere,100903
10,557150,PrairieSeche,101201
10,557150,PrairieSeche,101202
10,557150,transport,101301
10,557150,ZoneConstruite,101501
10,557150,ZoneConstruite,101502
10,557150,ZoneConstruite,101503
11,551158,Autre,110101
11,551158,Autre,110102
11,551158,Autre,110103
11,551158,Autre,110104
11,551158,Autre,110105
11,551158,Autre,110106
11,551158,Autre,110107
11,551158,CulturePerm,110301
11,551158,ForetConifere,110401
11,551158,ForetFeuillus,110501
11,551158,ForetMixe,110601
11,551158,lisiere,110901
11,551158,transport,111301
11,551158,zalluviale,111401
11,551158,ZoneConstruite,111501
12,545150,Autre,120101
12,545150,Autre,120102
12,545150,Autre,120103
12,545150,Autre,120104
12,545150,Autre,120105
12,545150,Autre,120106
12,545150,Autre,120107
12,545150,Autre,120108
12,545150,Autre,120109
12,545150,CulturePerm,120301
12,545150,CulturePerm,120302
12,545150,ForetConifere,120401
12,545150,ForetFeuillus,120501
12,545150,ForetMixe,120601
12,545150,Graviere,120701
12,545150,lisiere,120901
12,545150,PrairieSeche,121201
12,545150,transport,121301
12,545150,transport,121302
12,545150,ZoneConstruite,121501
12,545150,ZoneConstruite,121502
12,545150,ZoneConstruite,121503
12,545150,ZoneConstruite,121504
12,545150,ZoneConstruite,121505
13,539158,Autre,130101
13,539158,Autre,130102
13,539158,Autre,130103
13,539158,Autre,130104
13,539158,Autre,130105
13,539158,Autre,130106
13,539158,Autre,130107
13,539158,Autre,130108
13,539158,Autre,130109
13,539158,ForetConifere,130401
13,539158,ForetConifere,130402
13,539158,ForetConifere,130403
13,539158,ForetConifere,130404
13,539158,ForetFeuillus,130501
13,539158,ForetFeuillus,130502
13,539158,ForetFeuillus,130503
13,539158,ForetFeuillus,130504
13,539158,ForetFeuillus,130505
13,539158,ForetMixe,130601
13,539158,ForetMixe,130602
13,539158,ForetMixe,130603
13,539158,lisiere,130901
13,539158,lisiere,130902
13,539158,transport,131301
13,539158,ZoneConstruite,131501
14,545166,Autre,140101
14,545166,Autre,140102
14,545166,Autre,140103
14,545166,Autre,140104
14,545166,Autre,140105
14,545166,Autre,140106
14,545166,Autre,140107
14,545166,Autre,140108
14,545166,Autre,140109
14,545166,Autre,140110
14,545166,Autre,140111
14,545166,Autre,140112
14,545166,Autre,140113
14,545166,Autre,140114
14,545166,Autre,140115
14,545166,Autre,140116
14,545166,CulturePerm,140301
14,545166,ForetConifere,140401
14,545166,ForetFeuillus,140501
14,545166,ForetMixe,140601
14,545166,lisiere,140901
14,545166,transport,141301
14,545166,ZoneConstruite,141501
14,545166,ZoneConstruite,141502
14,545166,ZoneConstruite,141503
15,551174,Autre,150101
15,551174,Autre,150102
15,551174,Autre,150103
15,551174,Autre,150104
15,551174,Autre,150105
15,551174,Autre,150106
15,551174,Autre,150107
15,551174,Autre,150108
15,551174,Autre,150109
15,551174,Autre,150110
15,551174,Autre,150111
15,551174,Autre,150112
15,551174,Autre,150113
15,551174,Autre,150114
15,551174,Autre,150115
15,551174,Autre,150116
15,551174,ForetConifere,150401
15,551174,ForetFeuillus,150501
15,551174,ForetFeuillus,150502
15,551174,ForetFeuillus,150503
15,551174,ForetMixe,150601
15,551174,ForetMixe,150602
15,551174,lisiere,150901
15,551174,transport,151301
15,551174,ZoneConstruite,151501
16,563190,Autre,160101
16,563190,Autre,160102
16,563190,Autre,160103
16,563190,Autre,160104
16,563190,Autre,160105
16,563190,Autre,160106
16,563190,Autre,160107
16,563190,Autre,160108
16,563190,Autre,160109
16,563190,Autre,160110
16,563190,Autre,160111
16,563190,Autre,160112
16,563190,Autre,160113
16,563190,Autre,160114
16,563190,Autre,160115
16,563190,Autre,160116
16,563190,Autre,160117
16,563190,Autre,160118
16,563190,Autre,160119
16,563190,ForetFeuillus,160501
16,563190,lisiere,160901
16,563190,transport,161301
17,569198,Autre,170101
17,569198,Autre,170102
17,569198,Autre,170103
17,569198,Autre,170104
17,569198,Autre,170105
17,569198,Autre,170106
17,569198,Autre,170107
17,569198,Autre,170108
17,569198,Autre,170109
17,569198,Autre,170110
17,569198,Autre,170111
17,569198,Autre,170112
17,569198,Autre,170113
17,569198,Autre,170114
17,569198,Autre,170115
17,569198,Autre,170116
17,569198,CulturePerm,170301
17,569198,ForetConifere,170401
17,569198,ForetConifere,170402
17,569198,ForetConifere,170403
17,569198,ForetFeuillus,170501
17,569198,ForetMixe,170601
17,569198,lisiere,170901
17,569198,transport,171301
17,569198,ZoneConstruite,171501
18,545182,Autre,180101
18,545182,Autre,180102
18,545182,Autre,180103
18,545182,Autre,180104
18,545182,Autre,180105
18,545182,Autre,180106
18,545182,Autre,180107
18,545182,Autre,180108
18,545182,Autre,180109
18,545182,Autre,180110
18,545182,Autre,180111
18,545182,Autre,180112
18,545182,Autre,180113
18,545182,Autre,180114
18,545182,Autre,180115
18,545182,Autre,180116
18,545182,Autre,180117
18,545182,Autre,180118
18,545182,Autre,180119
18,545182,ForetConifere,180401
18,545182,ForetFeuillus,180501
18,545182,ForetMixe,180601
18,545182,lisiere,180901
18,545182,transport,181301
18,545182,ZoneConstruite,181501
19,545190,Autre,190101
19,545190,Autre,190102
19,545190,Autre,190103
19,545190,Autre,190104
19,545190,Autre,190105
19,545190,Carriere,190201
19,545190,CulturePerm,190301
19,545190,ForetConifere,190401
19,545190,ForetFeuillus,190501
19,545190,ForetFeuillus,190502
19,545190,ForetFeuillus,190503
19,545190,ForetFeuillus,190504
19,545190,ForetFeuillus,190505
19,545190,ForetFeuillus,190506
19,545190,ForetFeuillus,190507
19,545190,ForetFeuillus,190508
19,545190,ForetFeuillus,190509
19,545190,ForetFeuillus,190510
19,545190,ForetMixe,190601
19,545190,ForetMixe,190602
19,545190,lisiere,190901
19,545190,PrairieSeche,191201
19,545190,transport,191301
19,545190,ZoneConstruite,191501
20,539190,Autre,200101
20,539190,Autre,200102
20,539190,Autre,200103
20,539190,Autre,200104
20,539190,Autre,200105
20,539190,ForetConifere,200401
20,539190,ForetFeuillus,200501
20,539190,ForetFeuillus,200502
20,539190,ForetFeuillus,200503
20,539190,ForetFeuillus,200504
20,539190,ForetFeuillus,200505
20,539190,ForetFeuillus,200506
20,539190,ForetFeuillus,200507
20,539190,ForetFeuillus,200508
20,539190,ForetFeuillus,200509
20,539190,ForetFeuillus,200510
20,539190,ForetFeuillus,200511
20,539190,ForetMixe,200601
20,539190,ForetMixe,200602
20,539190,ForetMixe,200603
20,539190,ForetMixe,200604
20,539190,ForetMixe,200605
20,539190,lisiere,200901
20,539190,transport,201301
20,539190,ZoneConstruite,201501
21,533190,Autre,210101
21,533190,Autre,210102
21,533190,Autre,210103
21,533190,Autre,210104
21,533190,Autre,210105
21,533190,Autre,210106
21,533190,Autre,210107
21,533190,Autre,210108
21,533190,Autre,210109
21,533190,Autre,210110
21,533190,Autre,210111
21,533190,Autre,210112
21,533190,Autre,210113
21,533190,Autre,210114
21,533190,Autre,210115
21,533190,Autre,210116
21,533190,Autre,210117
21,533190,ForetConifere,210401
21,533190,ForetConifere,210402
21,533190,ForetMixe,210601
21,533190,Graviere,210701
21,533190,lisiere,210901
21,533190,PrairieSeche,211201
21,533190,transport,211301
21,533190,ZoneConstruite,211501
22,533182,Autre,220101
22,533182,Autre,220102
22,533182,Autre,220103
22,533182,Autre,220104
22,533182,Autre,220105
22,533182,Autre,220106
22,533182,Autre,220107
22,533182,Autre,220108
22,533182,Autre,220109
22,533182,Autre,220110
22,533182,Autre,220111
22,533182,Autre,220112
22,533182,Autre,220113
22,533182,Autre,220114
22,533182,Autre,220115
22,533182,Autre,220116
22,533182,Autre,220117
22,533182,Autre,220118
22,533182,Autre,220119
22,533182,ForetConifere,220401
22,533182,ForetFeuillus,220501
22,533182,ForetFeuillus,220502
22,533182,ForetMixe,220601
22,533182,lisiere,220901
22,533182,transport,221301
23,527182,Autre,230101
23,527182,Autre,230102
23,527182,Autre,230103
23,527182,Autre,230104
23,527182,Autre,230105
23,527182,Autre,230106
23,527182,Autre,230107
23,527182,Autre,230108
23,527182,Autre,230109
23,527182,Autre,230110
23,527182,Autre,230111
23,527182,Autre,230112
23,527182,Autre,230113
23,527182,ForetConifere,230401
23,527182,ForetFeuillus,230501
23,527182,ForetFeuillus,230502
23,527182,ForetFeuillus,230503
23,527182,ForetFeuillus,230504
23,527182,ForetMixe,230601
23,527182,ForetMixe,230602
23,527182,lisiere,230901
23,527182,lisiere,230902
23,527182,lisiere,230903
23,527182,transport,231301
23,527182,ZoneConstruite,231501
24,527174,Autre,240101
24,527174,Autre,240102
24,527174,Autre,240103
24,527174,Autre,240104
24,527174,Autre,240105
24,527174,Autre,240106
24,527174,Autre,240107
24,527174,Autre,240108
24,527174,Autre,240109
24,527174,Autre,240110
24,527174,ForetConifere,240401
24,527174,ForetConifere,240402
24,527174,ForetFeuillus,240501
24,527174,ForetFeuillus,240502
24,527174,ForetFeuillus,240503
24,527174,ForetFeuillus,240504
24,527174,ForetFeuillus,240505
24,527174,ForetMixe,240601
24,527174,ForetMixe,240602
24,527174,ForetMixe,240603
24,527174,ForetMixe,240604
24,527174,ForetMixe,240605
24,527174,lisiere,240901
24,527174,transport,241301
24,527174,ZoneConstruite,241501
25,539174,Autre,250101
25,539174,Autre,250102
25,539174,Autre,250103
25,539174,Autre,250104
25,539174,Autre,250105
25,539174,Autre,250106
25,539174,Autre,250107
25,539174,Autre,250108
25,539174,Autre,250109
25,539174,Autre,250110
25,539174,Autre,250111
25,539174,Autre,250112
25,539174,Autre,250113
25,539174,Autre,250114
25,539174,Autre,250115
25,539174,Autre,250116
25,539174,Autre,250117
25,539174,Autre,250118
25,539174,Autre,250119
25,539174,CulturePerm,250301
25,539174,ForetMixe,250601
25,539174,lisiere,250901
25,539174,transport,251301
25,539174,ZoneConstruite,251501
25,539174,ZoneConstruite,251502
26,533166,Autre,260101
26,533166,Autre,260102
26,533166,Autre,260103
26,533166,Autre,260104
26,533166,Autre,260105
26,533166,Autre,260106
26,533166,Autre,260107
26,533166,Autre,260108
26,533166,Autre,260109
26,533166,Autre,260110
26,533166,Autre,260111
26,533166,Autre,260112
26,533166,Autre,260113
26,533166,Autre,260114
26,533166,Autre,260115
26,533166,Autre,260116
26,533166,Autre,260117
26,533166,Autre,260118
26,533166,CulturePerm,260301
26,533166,ForetFeuillus,260501
26,533166,ForetMixe,260601
26,533166,lisiere,260901
26,533166,transport,261301
26,533166,ZoneConstruite,261501
27,527158,Autre,270101
27,527158,Autre,270102
27,527158,Autre,270103
27,527158,Autre,270104
27,527158,Autre,270105
27,527158,Autre,270106
27,527158,Autre,270107
27,527158,Autre,270108
27,527158,Autre,270109
27,527158,Autre,270110
27,527158,Autre,270111
27,527158,Autre,270112
27,527158,Autre,270113
27,527158,Autre,270114
27,527158,Autre,270115
27,527158,CulturePerm,270301
27,527158,CulturePerm,270302
27,527158,CulturePerm,270303
27,527158,CulturePerm,270304
27,527158,ForetFeuillus,270501
27,527158,ForetFeuillus,270502
27,527158,ForetMixe,270601
27,527158,lisiere,270901
27,527158,transport,271301
27,527158,ZoneConstruite,271501
28,521166,Autre,280101
28,521166,Autre,280102
28,521166,Autre,280103
28,521166,Autre,280104
28,521166,Autre,280105
28,521166,Autre,280106
28,521166,Autre,280107
28,521166,Autre,280108
28,521166,Autre,280109
28,521166,Autre,280110
28,521166,Autre,280111
28,521166,Autre,280112
28,521166,Autre,280113
28,521166,Autre,280114
28,521166,Autre,280115
28,521166,Autre,280116
28,521166,Autre,280117
28,521166,Autre,280118
28,521166,CulturePerm,280301
28,521166,ForetConifere,280401
28,521166,ForetFeuillus,280501
28,521166,ForetMixe,280601
28,521166,lisiere,280901
28,521166,transport,281301
28,521166,ZoneConstruite,281501
29,521174,Autre,290101
29,521174,Autre,290102
29,521174,Autre,290103
29,521174,CulturePerm,290301
29,521174,ForetConifere,290401
29,521174,ForetConifere,290402
29,521174,ForetConifere,290403
29,521174,ForetConifere,290404
29,521174,ForetFeuillus,290501
29,521174,ForetFeuillus,290502
29,521174,ForetFeuillus,290503
29,521174,ForetFeuillus,290504
29,521174,ForetFeuillus,290505
29,521174,ForetFeuillus,290506
29,521174,ForetMixe,290601
29,521174,ForetMixe,290602
29,521174,ForetMixe,290603
29,521174,ForetMixe,290604
29,521174,ForetMixe,290605
29,521174,ForetMixe,290606
29,521174,lisiere,290901
29,521174,transport,291301
29,521174,transport,291302
29,521174,ZoneConstruite,291501
30,515166,Autre,300101
30,515166,Autre,300102
30,515166,Autre,300103
30,515166,Autre,300104
30,515166,Autre,300105
30,515166,Autre,300106
30,515166,Autre,300107
30,515166,ForetConifere,300401
30,515166,ForetConifere,300402
30,515166,ForetConifere,300403
30,515166,ForetConifere,300404
30,515166,ForetConifere,300405
30,515166,ForetConifere,300406
30,515166,ForetConifere,300407
30,515166,ForetConifere,300408
30,515166,ForetConifere,300409
30,515166,ForetConifere,300410
30,515166,ForetConifere,300411
30,515166,ForetConifere,300412
30,515166,ForetConifere,300413
30,515166,ForetMixe,300601
30,515166,lisiere,300901
30,515166,PrairieSeche,301201
30,515166,transport,301301
30,515166,ZoneConstruite,301501
31,515158,Autre,310101
31,515158,ForetConifere,310401
31,515158,ForetConifere,310402
31,515158,ForetConifere,310403
31,515158,ForetConifere,310404
31,515158,ForetConifere,310405
31,515158,ForetConifere,310406
31,515158,ForetFeuillus,310501
31,515158,ForetFeuillus,310502
31,515158,ForetFeuillus,310503
31,515158,ForetFeuillus,310504
31,515158,ForetFeuillus,310505
31,515158,ForetFeuillus,310506
31,515158,ForetFeuillus,310507
31,515158,ForetMixe,310601
31,515158,ForetMixe,310602
31,515158,ForetMixe,310603
31,515158,ForetMixe,310604
31,515158,ForetMixe,310605
31,515158,ForetMixe,310606
31,515158,ForetMixe,310607
31,515158,ForetMixe,310608
31,515158,ForetMixe,310609
31,515158,lisiere,310901
31,515158,transport,311301
32,521150,Autre,320101
32,521150,Autre,320102
32,521150,Autre,320103
32,521150,Autre,320104
32,521150,Autre,320105
32,521150,Autre,320106
32,521150,Autre,320107
32,521150,Autre,320108
32,521150,Autre,320109
32,521150,Autre,320110
32,521150,Autre,320111
32,521150,Autre,320112
32,521150,Autre,320113
32,521150,Autre,320114
32,521150,Autre,320115
32,521150,Autre,320116
32,521150,Autre,320117
32,521150,Autre,320118
32,521150,CulturePerm,320301
32,521150,ForetFeuillus,320501
32,521150,Humide,320801
32,521150,lisiere,320901
32,521150,transport,321301
32,521150,ZoneConstruite,321501
32,521150,ZoneConstruite,321502
33,509150,Autre,330101
33,509150,Autre,330102
33,509150,Autre,330103
33,509150,Autre,330104
33,509150,Autre,330105
33,509150,Autre,330106
33,509150,Autre,330107
33,509150,Autre,330108
33,509150,Autre,330109
33,509150,Autre,330110
33,509150,Autre,330111
33,509150,Autre,330112
33,509150,Autre,330113
33,509150,Autre,330114
33,509150,Autre,330115
33,509150,Autre,330116
33,509150,Carriere,330201
33,509150,ForetConifere,330401
33,509150,ForetFeuillus,330501
33,509150,ForetMixe,330601
33,509150,Humide,330801
33,509150,lisiere,330901
33,509150,PrairieSeche,331201
33,509150,transport,331301
33,509150,ZoneConstruite,331501
34,503150,Autre,340101
34,503150,Autre,340102
34,503150,Autre,340103
34,503150,Autre,340104
34,503150,Autre,340105
34,503150,Autre,340106
34,503150,Autre,340107
34,503150,Autre,340108
34,503150,Autre,340109
34,503150,Autre,340110
34,503150,Autre,340111
34,503150,Autre,340112
34,503150,ForetConifere,340401
34,503150,ForetConifere,340402
34,503150,ForetConifere,340403
34,503150,ForetConifere,340404
34,503150,ForetFeuillus,340501
34,503150,ForetMixe,340601
34,503150,Humide,340801
34,503150,lisiere,340901
34,503150,lisiere,340902
34,503150,PrairieSeche,341201
34,503150,PrairieSeche,341202
34,503150,transport,341301
34,503150,ZoneConstruite,341501
35,509158,Autre,350101
35,509158,Autre,350102
35,509158,Autre,350103
35,509158,Autre,350104
35,509158,Autre,350105
35,509158,Autre,350106
35,509158,Autre,350107
35,509158,Autre,350108
35,509158,Autre,350109
35,509158,Autre,350110
35,509158,Autre,350111
35,509158,Autre,350112
35,509158,Autre,350113
35,509158,Autre,350114
35,509158,ForetConifere,350401
35,509158,ForetConifere,350402
35,509158,ForetConifere,350403
35,509158,lisiere,350901
35,509158,lisiere,350902
35,509158,PrairieSeche,351201
35,509158,PrairieSeche,351202
35,509158,PrairieSeche,351203
35,509158,PrairieSeche,351204
35,509158,transport,351301
35,509158,ZoneConstruite,351501
36,509166,Autre,360101
36,509166,Autre,360102
36,509166,Autre,360103
36,509166,Autre,360104
36,509166,Autre,360105
36,509166,Autre,360106
36,509166,Autre,360107
36,509166,Autre,360108
36,509166,Autre,360109
36,509166,Autre,360110
36,509166,Autre,360111
36,509166,Autre,360112
36,509166,Autre,360113
36,509166,Autre,360114
36,509166,Autre,360115
36,509166,Autre,360116
36,509166,ForetConifere,360401
36,509166,ForetFeuillus,360501
36,509166,ForetFeuillus,360502
36,509166,ForetMixe,360601
36,509166,ForetMixe,360602
36,509166,lisiere,360901
36,509166,marais,361001
36,509166,transport,361301
36,509166,ZoneConstruite,361501
37,503158,Autre,370101
37,503158,Autre,370102
37,503158,Autre,370103
37,503158,Autre,370104
37,503158,Autre,370105
37,503158,Autre,370106
37,503158,Autre,370107
37,503158,Autre,370108
37,503158,Autre,370109
37,503158,Autre,370110
37,503158,ForetConifere,370401
37,503158,ForetFeuillus,370501
37,503158,ForetFeuillus,370502
37,503158,ForetFeuillus,370503
37,503158,ForetMixe,370601
37,503158,ForetMixe,370602
37,503158,Graviere,370701
37,503158,lisiere,370901
37,503158,lisiere,370902
37,503158,marais,371001
37,503158,marais,371002
37,503158,marais,371003
37,503158,transport,371301
37,503158,zalluviale,371401
37,503158,ZoneConstruite,371501
38,503142,Autre,380101
38,503142,ForetConifere,380401
38,503142,ForetConifere,380402
38,503142,ForetConifere,380403
38,503142,ForetConifere,380404
38,503142,ForetFeuillus,380501
38,503142,ForetFeuillus,380502
38,503142,ForetFeuillus,380503
38,503142,ForetFeuillus,380504
38,503142,ForetFeuillus,380505
38,503142,ForetFeuillus,380506
38,503142,ForetFeuillus,380507
38,503142,ForetFeuillus,380508
38,503142,ForetFeuillus,380509
38,503142,ForetFeuillus,380510
38,503142,ForetFeuillus,380511
38,503142,ForetMixe,380601
38,503142,ForetMixe,380602
38,503142,ForetMixe,380603
38,503142,ForetMixe,380604
38,503142,ForetMixe,380605
38,503142,Graviere,380701
38,503142,lisiere,380901
38,503142,transport,381301
38,503142,ZoneConstruite,381501
39,497142,Autre,390101
39,497142,Autre,390102
39,497142,Autre,390103
39,497142,Autre,390104
39,497142,Autre,390105
39,497142,Autre,390106
39,497142,Autre,390107
39,497142,Autre,390108
39,497142,Autre,390109
39,497142,Autre,390110
39,497142,ForetConifere,390401
39,497142,ForetFeuillus,390501
39,497142,ForetMixe,390601
39,497142,lisiere,390901
39,497142,pierrier,391101
39,497142,PrairieSeche,391201
39,497142,PrairieSeche,391202
39,497142,PrairieSeche,391203
39,497142,PrairieSeche,391204
39,497142,PrairieSeche,391205
39,497142,PrairieSeche,391206
39,497142,PrairieSeche,391207
39,497142,PrairieSeche,391208
39,497142,transport,391301
39,497142,ZoneConstruite,391501
40,57281298,Autre,400101
40,57281298,Autre,400102
40,57281298,Autre,400103
40,57281298,Autre,400104
40,57281298,Autre,400105
40,57281298,Autre,400106
40,57281298,Autre,400107
40,57281298,Autre,400108
40,57281298,Autre,400109
40,57281298,Autre,400110
40,57281298,Autre,400111
40,57281298,Autre,400112
40,57281298,Autre,400113
40,57281298,Autre,400114
40,57281298,Autre,400115
40,57281298,ForetConifere,400401
40,57281298,Humide,400801
40,57281298,lisiere,400901
40,57281298,lisiere,400902
40,57281298,lisiere,400903
40,57281298,pierrier,401101
40,57281298,PrairieSeche,401201
40,57281298,transport,401301
40,57281298,ZoneConstruite,401501
41,57201203,Autre,410101
41,57201203,Autre,410102
41,57201203,Autre,410103
41,57201203,Autre,410104
41,57201203,Autre,410105
41,57201203,Autre,410106
41,57201203,Autre,410107
41,57201203,Autre,410108
41,57201203,Autre,410109
41,57201203,Autre,410110
41,57201203,Autre,410111
41,57201203,ForetConifere,410401
41,57201203,ForetConifere,410402
41,57201203,ForetMixe,410601
41,57201203,lisiere,410901
41,57201203,lisiere,410902
41,57201203,lisiere,410903
41,57201203,lisiere,410904
41,57201203,lisiere,410905
41,57201203,pierrier,411101
41,57201203,PrairieSeche,411201
41,57201203,PrairieSeche,411202
41,57201203,transport,411301
42,57781263,Autre,420101
42,57781263,Autre,420102
42,57781263,Autre,420103
42,57781263,Autre,420104
42,57781263,Autre,420105
42,57781263,Autre,420106
42,57781263,Autre,420107
42,57781263,Humide,420801
42,57781263,lisiere,420901
42,57781263,lisiere,420902
42,57781263,pierrier,421101
42,57781263,pierrier,421102
42,57781263,pierrier,421103
42,57781263,pierrier,421104
42,57781263,pierrier,421105
42,57781263,pierrier,421106
42,57781263,pierrier,421107
42,57781263,PrairieSeche,421201
42,57781263,PrairieSeche,421202
42,57781263,PrairieSeche,421203
42,57781263,PrairieSeche,421204
42,57781263,PrairieSeche,421205
42,57781263,transport,421301
42,57781263,ZoneConstruite,421501
43,57711503,Autre,430101
43,57711503,Autre,430102
43,57711503,Autre,430103
43,57711503,Autre,430104
43,57711503,Autre,430105
43,57711503,Autre,430106
43,57711503,Autre,430107
43,57711503,Autre,430108
43,57711503,Autre,430109
43,57711503,Autre,430110
43,57711503,ForetConifere,430401
43,57711503,ForetFeuillus,430501
43,57711503,ForetMixe,430601
43,57711503,lisiere,430901
43,57711503,pierrier,431101
43,57711503,pierrier,431102
43,57711503,PrairieSeche,431201
43,57711503,PrairieSeche,431202
43,57711503,PrairieSeche,431203
43,57711503,PrairieSeche,431204
43,57711503,PrairieSeche,431205
43,57711503,transport,431301
43,57711503,ZoneConstruite,431501
44,58041300,Autre,440101
44,58041300,Autre,440102
44,58041300,Autre,440103
44,58041300,Autre,440104
44,58041300,Autre,440105
44,58041300,Autre,440106
44,58041300,Autre,440107
44,58041300,Autre,440108
44,58041300,Autre,440109
44,58041300,lisiere,440901
44,58041300,lisiere,440902
44,58041300,pierrier,441101
44,58041300,pierrier,441102
44,58041300,pierrier,441103
44,58041300,pierrier,441104
44,58041300,pierrier,441105
44,58041300,pierrier,441106
44,58041300,pierrier,441107
44,58041300,pierrier,441108
44,58041300,pierrier,441109
