BDM,region,el_mean,el_median,el_stdev,el_min,el_max,el_range,MAT_mean,MAT_median,TAR_mean,TAR_median,Tmin_mean,Tmin_median,Tmax_mean,Tmax_median,BDM_id,Sample_date,Categorie,n_plots,SoilTemp_mean,SoilTemp_sd,Grass_mean,Grass_sd,Forb_mean,Forb_sd,Shrub_mean,Shrub_sd,Bare_mean,Bare_sd,Litter_mean,Litter_sd,Moss_mean,Moss_sd
569118,Alps,1494.574289,1484.5,96.46883143,1291,1725,434,56,56,271,271,-70,-70,201,201,01,2019-08-22,Autre,9,13.577777777777778,1.1744975284965247,3.7777777777777777,0.97182531580755,2.3333333333333335,1,1,1.224744871391589,1.7777777777777777,0.6666666666666666,0.011111111111111112,0.03333333333333334,0.12222222222222222,0.33082388735465346
569118,Alps,1494.574289,1484.5,96.46883143,1291,1725,434,56,56,271,271,-70,-70,201,201,01,2019-08-22,ForetConifere,6,11.866666666666667,0.6918574034197126,0.18333333333333335,0.4020779360604939,2.5,0.5477225575051661,0.6833333333333333,1.0206207261596576,2.8333333333333335,0.408248290463863,1.5,1.760681686165901,2.5,0.5477225575051661
569118,Alps,1494.574289,1484.5,96.46883143,1291,1725,434,56,56,271,271,-70,-70,201,201,01,2019-08-22,ForetFeuillus,1,14.4,NA,1,NA,2,NA,1,NA,3,NA,3,NA,0.1,NA
569118,Alps,1494.574289,1484.5,96.46883143,1291,1725,434,56,56,271,271,-70,-70,201,201,01,2019-08-22,ForetMixe,1,12.3,NA,1,NA,1,NA,2,NA,2,NA,5,NA,2,NA
569118,Alps,1494.574289,1484.5,96.46883143,1291,1725,434,56,56,271,271,-70,-70,201,201,01,2019-08-22,lisiere,4,12.6,2.2045407685048604,2.25,1.2583057392117916,3,1.4142135623730951,0.775,1.484082207965583,2.25,0.9574271077563381,1.275,1.4728091073410248,1.025,0.7762087348130012
569118,Alps,1494.574289,1484.5,96.46883143,1291,1725,434,56,56,271,271,-70,-70,201,201,01,2019-08-22,pierrier,1,13.7,NA,2,NA,3,NA,2,NA,2,NA,0,NA,2,NA
569118,Alps,1494.574289,1484.5,96.46883143,1291,1725,434,56,56,271,271,-70,-70,201,201,01,2019-08-22,transport,1,14.4,NA,2,NA,1,NA,1,NA,3,NA,0,NA,2,NA
569118,Alps,1494.574289,1484.5,96.46883143,1291,1725,434,56,56,271,271,-70,-70,201,201,01,2019-08-22,ZoneConstruite,1,15.2,NA,2,NA,5,NA,0,NA,0,NA,0.1,NA,0.1,NA
563126,Low,378.3511943,379,9.401487125,350,417,67,111.5,111.5,275,275,-16.5,-16.5,259.5,259.5,02,2019-08-15,Autre,13,19.584615384615386,1.5534081637087278,2.7,1.163328557774343,2.4,1.4183323540928856,0,0,1.9230769230769231,1.5525000516123695,0.8615384615384616,1.4540394661874791,0.23846153846153847,0.43500663124919053
563126,Low,378.3511943,379,9.401487125,350,417,67,111.5,111.5,275,275,-16.5,-16.5,259.5,259.5,02,2019-08-15,Carriere,1,NaN,NA,NaN,NA,NaN,NA,NaN,NA,NaN,NA,NaN,NA,NaN,NA
563126,Low,378.3511943,379,9.401487125,350,417,67,111.5,111.5,275,275,-16.5,-16.5,259.5,259.5,02,2019-08-15,ForetConifere,1,17.5,NA,1,NA,1,NA,3,NA,3,NA,3,NA,1,NA
563126,Low,378.3511943,379,9.401487125,350,417,67,111.5,111.5,275,275,-16.5,-16.5,259.5,259.5,02,2019-08-15,ForetFeuillus,1,17.2,NA,1,NA,2,NA,3,NA,2,NA,1,NA,0,NA
563126,Low,378.3511943,379,9.401487125,350,417,67,111.5,111.5,275,275,-16.5,-16.5,259.5,259.5,02,2019-08-15,ForetMixe,1,16.5,NA,1,NA,1,NA,3,NA,3,NA,2,NA,0,NA
563126,Low,378.3511943,379,9.401487125,350,417,67,111.5,111.5,275,275,-16.5,-16.5,259.5,259.5,02,2019-08-15,lisiere,1,21.2,NA,4,NA,2,NA,0,NA,1,NA,0,NA,0,NA
563126,Low,378.3511943,379,9.401487125,350,417,67,111.5,111.5,275,275,-16.5,-16.5,259.5,259.5,02,2019-08-15,transport,2,19.4,1.272792206135786,3.5,0.7071067811865476,3.5,0.7071067811865476,1,1.4142135623730951,1,0,0.55,0.6363961030678927,1,0
563126,Low,378.3511943,379,9.401487125,350,417,67,111.5,111.5,275,275,-16.5,-16.5,259.5,259.5,02,2019-08-15,ZoneConstruite,2,19.65,0.07071067811865324,3.5,0.7071067811865476,2.5,0.7071067811865476,0,0,2,1.4142135623730951,0.5,0.7071067811865476,0.05,0.07071067811865477
575126,Alps,1629.718954,1588,198.1879005,1349,2050,701,42.22131623,37.5,269.4097201,269,-82.64046109,-87,186.1723127,181.5,03,2019-07-15,Autre,12,14.208333333333334,2.549673181671199,2.3333333333333335,1.1547005383792515,3.75,1.1381803659589922,0.425,0.6634962492186921,0.775,0.7275425635783668,1.0083333333333333,1.2724052622946636,0.375,0.6297546419764678
575126,Alps,1629.718954,1588,198.1879005,1349,2050,701,42.22131623,37.5,269.4097201,269,-82.64046109,-87,186.1723127,181.5,03,2019-07-15,ForetConifere,3,11.8,1.74355957741627,0.6666666666666666,1.1547005383792515,2.3333333333333335,0.5773502691896257,1.3333333333333333,1.5275252316519468,2.6666666666666665,0.5773502691896257,2.6666666666666665,1.5275252316519468,1.6666666666666667,1.1547005383792515
575126,Alps,1629.718954,1588,198.1879005,1349,2050,701,42.22131623,37.5,269.4097201,269,-82.64046109,-87,186.1723127,181.5,03,2019-07-15,ForetFeuillus,1,12.2,NA,0,NA,3,NA,1,NA,2,NA,3,NA,2,NA
575126,Alps,1629.718954,1588,198.1879005,1349,2050,701,42.22131623,37.5,269.4097201,269,-82.64046109,-87,186.1723127,181.5,03,2019-07-15,ForetMixe,1,15.8,NA,2,NA,4,NA,2,NA,2,NA,2,NA,2,NA
575126,Alps,1629.718954,1588,198.1879005,1349,2050,701,42.22131623,37.5,269.4097201,269,-82.64046109,-87,186.1723127,181.5,03,2019-07-15,lisiere,3,13.799999999999999,2.944486372867091,1.0333333333333334,0.9504384952922168,2.3333333333333335,0.5773502691896257,1.6666666666666667,0.5773502691896257,2.6666666666666665,0.5773502691896257,2.6666666666666665,0.5773502691896257,1.6666666666666667,1.1547005383792515
575126,Alps,1629.718954,1588,198.1879005,1349,2050,701,42.22131623,37.5,269.4097201,269,-82.64046109,-87,186.1723127,181.5,03,2019-07-15,PrairieSeche,1,14.2,NA,2,NA,5,NA,1,NA,0,NA,0,NA,0,NA
575126,Alps,1629.718954,1588,198.1879005,1349,2050,701,42.22131623,37.5,269.4097201,269,-82.64046109,-87,186.1723127,181.5,03,2019-07-15,transport,1,14.7,NA,3,NA,3,NA,0.1,NA,2,NA,0,NA,0,NA
575126,Alps,1629.718954,1588,198.1879005,1349,2050,701,42.22131623,37.5,269.4097201,269,-82.64046109,-87,186.1723127,181.5,03,2019-07-15,ZoneConstruite,1,13.8,NA,2,NA,2,NA,0.1,NA,4,NA,1,NA,0.1,NA
581134,Alps,1772.179104,1733,114.6126976,1602,2090,488,30.5,30.5,267,267,-93.5,-93.5,173.5,173.5,04,2019-08-08,Autre,13,14.892307692307693,2.6228043320275654,3.5384615384615383,0.6602252917735247,3,0.5773502691896257,0.9307692307692308,0.9463831283581854,0.7769230769230769,0.7166517589385681,0.4,0.7604823031033223,0.49230769230769234,0.49068241334821727
581134,Alps,1772.179104,1733,114.6126976,1602,2090,488,30.5,30.5,267,267,-93.5,-93.5,173.5,173.5,04,2019-08-08,ForetConifere,1,12.9,NA,3,NA,4,NA,0,NA,1,NA,0.1,NA,0.1,NA
581134,Alps,1772.179104,1733,114.6126976,1602,2090,488,30.5,30.5,267,267,-93.5,-93.5,173.5,173.5,04,2019-08-08,ForetMixe,1,12.9,NA,3,NA,2,NA,4,NA,2,NA,1,NA,2,NA
581134,Alps,1772.179104,1733,114.6126976,1602,2090,488,30.5,30.5,267,267,-93.5,-93.5,173.5,173.5,04,2019-08-08,Humide,1,15.3,NA,5,NA,2,NA,0,NA,0.1,NA,0.1,NA,0.1,NA
581134,Alps,1772.179104,1733,114.6126976,1602,2090,488,30.5,30.5,267,267,-93.5,-93.5,173.5,173.5,04,2019-08-08,lisiere,2,14.9,1.6970562748477156,2,0,3.5,0.7071067811865476,3,1.4142135623730951,1,1.4142135623730951,1,0,1.5,0.7071067811865476
581134,Alps,1772.179104,1733,114.6126976,1602,2090,488,30.5,30.5,267,267,-93.5,-93.5,173.5,173.5,04,2019-08-08,marais,1,15.1,NA,3,NA,4,NA,0,NA,0,NA,0,NA,0.1,NA
581134,Alps,1772.179104,1733,114.6126976,1602,2090,488,30.5,30.5,267,267,-93.5,-93.5,173.5,173.5,04,2019-08-08,pierrier,1,12,NA,3,NA,1,NA,0,NA,4,NA,0,NA,2,NA
581134,Alps,1772.179104,1733,114.6126976,1602,2090,488,30.5,30.5,267,267,-93.5,-93.5,173.5,173.5,04,2019-08-08,PrairieSeche,2,16.3,0.7071067811865476,2.5,0.7071067811865476,4.5,0.7071067811865476,0.5,0.7071067811865476,1.5,0.7071067811865476,0.5,0.7071067811865476,0.55,0.6363961030678927
581134,Alps,1772.179104,1733,114.6126976,1602,2090,488,30.5,30.5,267,267,-93.5,-93.5,173.5,173.5,04,2019-08-08,transport,1,17.2,NA,3,NA,3,NA,1,NA,4,NA,2,NA,1,NA
581134,Alps,1772.179104,1733,114.6126976,1602,2090,488,30.5,30.5,267,267,-93.5,-93.5,173.5,173.5,04,2019-08-08,ZoneConstruite,1,19.8,NA,3,NA,2,NA,0,NA,3,NA,4,NA,0,NA
569134,Alps,1202.197174,1176,130.3389701,929,1466,537,62.5,62.5,269.5,269.5,-62.5,-62.5,207,207,05,2019-07-18,Autre,7,21.071428571428573,3.9131037492482807,3.7142857142857144,0.7559289460184544,3.142857142857143,0.8997354108424374,0.18571428571428572,0.3625307868699863,0.6142857142857143,0.9476788686550092,0,0,0,0
569134,Alps,1202.197174,1176,130.3389701,929,1466,537,62.5,62.5,269.5,269.5,-62.5,-62.5,207,207,05,2019-07-18,ForetConifere,6,14.65,1.0521406750050106,0.8333333333333334,1.1690451944500122,1.2,1.129601699715435,1.0166666666666666,1.0778064142816495,2,0.6324555320336759,4.666666666666667,0.816496580927726,1.8333333333333333,1.3291601358251257
569134,Alps,1202.197174,1176,130.3389701,929,1466,537,62.5,62.5,269.5,269.5,-62.5,-62.5,207,207,05,2019-07-18,ForetFeuillus,1,14.7,NA,2,NA,2,NA,4,NA,1,NA,5,NA,0.1,NA
569134,Alps,1202.197174,1176,130.3389701,929,1466,537,62.5,62.5,269.5,269.5,-62.5,-62.5,207,207,05,2019-07-18,ForetMixe,4,15.225000000000001,1.4974979131871937,1,1.4142135623730951,1.525,1.2526638282742368,1.05,1.3674794331177342,1.525,0.95,4.5,0.5773502691896257,1.5,0.5773502691896257
569134,Alps,1202.197174,1176,130.3389701,929,1466,537,62.5,62.5,269.5,269.5,-62.5,-62.5,207,207,05,2019-07-18,lisiere,3,15.033333333333333,0.20816659994661252,1.6666666666666667,0.5773502691896257,2.6666666666666665,0.5773502691896257,2.3333333333333335,0.5773502691896257,0.7,0.5196152422706632,1.3333333333333333,0.5773502691896257,1.0666666666666667,1.6743157806499147
569134,Alps,1202.197174,1176,130.3389701,929,1466,537,62.5,62.5,269.5,269.5,-62.5,-62.5,207,207,05,2019-07-18,transport,1,13.8,NA,1,NA,3,NA,0.1,NA,3,NA,3,NA,1,NA
569134,Alps,1202.197174,1176,130.3389701,929,1466,537,62.5,62.5,269.5,269.5,-62.5,-62.5,207,207,05,2019-07-18,ZoneConstruite,2,23.35,2.0506096654409895,4,0,3,0,0.05,0.07071067811865477,0.05,0.07071067811865477,0,0,0,0
557134,Low,381.0155239,380,6.350562383,363,401,38,112.8791562,113,273.1801618,273,-14.12084385,-14,258.8791562,259,06,2019-08-24,Autre,5,17.66,0.29664793948382767,2.8,1.3038404810405297,3.4,1.816590212458495,0,0,0.8,1.3038404810405297,1.2,1.7888543819998317,0.04,0.05477225575051661
557134,Low,381.0155239,380,6.350562383,363,401,38,112.8791562,113,273.1801618,273,-14.12084385,-14,258.8791562,259,06,2019-08-24,ForetConifere,2,16.799999999999997,0.141421356237309,0,0,1.5,0.7071067811865476,3,1.4142135623730951,2.5,2.1213203435596424,2.5,0.7071067811865476,2,0
557134,Low,381.0155239,380,6.350562383,363,401,38,112.8791562,113,273.1801618,273,-14.12084385,-14,258.8791562,259,06,2019-08-24,ForetFeuillus,2,16.95,0.07071067811865576,0,0,2.5,0.7071067811865476,3.5,0.7071067811865476,3.5,0.7071067811865476,2,0,0.55,0.6363961030678927
557134,Low,381.0155239,380,6.350562383,363,401,38,112.8791562,113,273.1801618,273,-14.12084385,-14,258.8791562,259,06,2019-08-24,ForetMixe,3,17.5,0.5,0,0,1.0333333333333334,0.9504384952922168,4,1,2,2,1.3333333333333333,1.1547005383792515,0.7,1.1269427669584644
557134,Low,381.0155239,380,6.350562383,363,401,38,112.8791562,113,273.1801618,273,-14.12084385,-14,258.8791562,259,06,2019-08-24,lisiere,1,20.3,NA,2,NA,1,NA,3,NA,1,NA,4,NA,1,NA
557134,Low,381.0155239,380,6.350562383,363,401,38,112.8791562,113,273.1801618,273,-14.12084385,-14,258.8791562,259,06,2019-08-24,transport,1,22.1,NA,4,NA,3,NA,0,NA,1,NA,1,NA,0,NA
557134,Low,381.0155239,380,6.350562383,363,401,38,112.8791562,113,273.1801618,273,-14.12084385,-14,258.8791562,259,06,2019-08-24,ZoneConstruite,2,19.05,0.07071067811865576,2,0,2.5,0.7071067811865476,0,0,3,0,3.5,0.7071067811865476,0.05,0.07071067811865477
575142,Alps,1191.383078,1190,77.84300952,1065,1383,318,64.5,64.5,269.5,269.5,-60,-60,208.5,208.5,07,2019-07-16,Autre,11,18.836363636363636,2.2468968500012316,4.363636363636363,1.026910636104941,2.2818181818181817,1.4048616884363967,0.009090909090909092,0.030151134457776365,0.6545454545454545,0.6562981584061263,0.36363636363636365,0.674199862463242,0.2,0.39749213828703583
575142,Alps,1191.383078,1190,77.84300952,1065,1383,318,64.5,64.5,269.5,269.5,-60,-60,208.5,208.5,07,2019-07-16,ForetConifere,7,12.685714285714285,1.5181442305531798,0.7571428571428571,1.2259107401671392,2.7142857142857144,0.7559289460184544,2.142857142857143,0.8997354108424374,2.142857142857143,1.0690449676496976,2,1.1547005383792515,3.2857142857142856,1.6035674514745464
575142,Alps,1191.383078,1190,77.84300952,1065,1383,318,64.5,64.5,269.5,269.5,-60,-60,208.5,208.5,07,2019-07-16,ForetFeuillus,1,14.9,NA,1,NA,4,NA,3,NA,1,NA,1,NA,2,NA
575142,Alps,1191.383078,1190,77.84300952,1065,1383,318,64.5,64.5,269.5,269.5,-60,-60,208.5,208.5,07,2019-07-16,ForetMixe,1,13.8,NA,1,NA,3,NA,2,NA,3,NA,2,NA,1,NA
575142,Alps,1191.383078,1190,77.84300952,1065,1383,318,64.5,64.5,269.5,269.5,-60,-60,208.5,208.5,07,2019-07-16,lisiere,2,14.85,1.0606601717798212,2.05,2.7577164466275352,2,0,2,1.4142135623730951,1,0,1,0,2.5,2.1213203435596424
575142,Alps,1191.383078,1190,77.84300952,1065,1383,318,64.5,64.5,269.5,269.5,-60,-60,208.5,208.5,07,2019-07-16,transport,1,19.1,NA,3,NA,5,NA,0,NA,0.1,NA,1,NA,0.1,NA
575142,Alps,1191.383078,1190,77.84300952,1065,1383,318,64.5,64.5,269.5,269.5,-60,-60,208.5,208.5,07,2019-07-16,zalluviale,1,24.1,NA,2,NA,3,NA,1,NA,4,NA,0.1,NA,0.1,NA
575142,Alps,1191.383078,1190,77.84300952,1065,1383,318,64.5,64.5,269.5,269.5,-60,-60,208.5,208.5,07,2019-07-16,ZoneConstruite,1,19.3,NA,4,NA,3,NA,0,NA,0.1,NA,0,NA,0,NA
581150,Alps,1273.713728,1268,57.74913801,1173,1426,253,59,59,267.5,267.5,-65.5,-65.5,202.5,202.5,08,2019-08-25,Autre,14,17.2,1.7276039432159749,3.357142857142857,0.8418973861410954,3,1.1766968108291043,0.2857142857142857,0.6112498455021266,1.0928571428571427,1.1200716225136853,0.5857142857142857,0.7450938431934834,0.24285714285714285,0.7949013346750223
581150,Alps,1273.713728,1268,57.74913801,1173,1426,253,59,59,267.5,267.5,-65.5,-65.5,202.5,202.5,08,2019-08-25,ForetConifere,3,13.633333333333333,0.6027713773341704,1,0,0,0,0,0,1.3333333333333333,0.5773502691896257,0.6666666666666666,1.1547005383792515,5,0
581150,Alps,1273.713728,1268,57.74913801,1173,1426,253,59,59,267.5,267.5,-65.5,-65.5,202.5,202.5,08,2019-08-25,ForetMixe,1,14.4,NA,1,NA,2,NA,2,NA,2,NA,3,NA,2,NA
581150,Alps,1273.713728,1268,57.74913801,1173,1426,253,59,59,267.5,267.5,-65.5,-65.5,202.5,202.5,08,2019-08-25,Humide,1,20,NA,4,NA,3,NA,0,NA,1,NA,0,NA,0,NA
581150,Alps,1273.713728,1268,57.74913801,1173,1426,253,59,59,267.5,267.5,-65.5,-65.5,202.5,202.5,08,2019-08-25,lisiere,2,14.7,2.1213203435596424,2.5,3.5355339059327378,0.5,0.7071067811865476,0,0,1.5,2.1213203435596424,0,0,1.5,2.1213203435596424
581150,Alps,1273.713728,1268,57.74913801,1173,1426,253,59,59,267.5,267.5,-65.5,-65.5,202.5,202.5,08,2019-08-25,marais,1,18.6,NA,4,NA,2,NA,1,NA,2,NA,0,NA,0,NA
581150,Alps,1273.713728,1268,57.74913801,1173,1426,253,59,59,267.5,267.5,-65.5,-65.5,202.5,202.5,08,2019-08-25,PrairieSeche,1,18.3,NA,2,NA,4,NA,0,NA,1,NA,2,NA,0,NA
581150,Alps,1273.713728,1268,57.74913801,1173,1426,253,59,59,267.5,267.5,-65.5,-65.5,202.5,202.5,08,2019-08-25,transport,1,15.3,NA,5,NA,1,NA,0,NA,0,NA,0,NA,0,NA
581150,Alps,1273.713728,1268,57.74913801,1173,1426,253,59,59,267.5,267.5,-65.5,-65.5,202.5,202.5,08,2019-08-25,ZoneConstruite,1,15.8,NA,5,NA,0,NA,0,NA,0,NA,0,NA,0,NA
563142,Alps,1400.550802,1399.5,136.0172315,1106,1741,635,49.76609151,53,266.5373186,267,-73.65200726,-70.5,192.6839671,196,09,2019-07-13,Autre,7,16.385714285714286,2.4285994396143713,2.442857142857143,1.6949504838953682,3.2857142857142856,0.9511897312113419,0.014285714285714287,0.03779644730092273,0.8857142857142857,0.8687703406320365,1.3,0.9291573243177569,0.34285714285714286,0.7322502824789323
563142,Alps,1400.550802,1399.5,136.0172315,1106,1741,635,49.76609151,53,266.5373186,267,-73.65200726,-70.5,192.6839671,196,09,2019-07-13,ForetConifere,7,13.142857142857142,0.6803360514166085,0.44285714285714284,0.7785823502947368,1.3142857142857143,1.0745984853711197,0.2857142857142857,0.4879500364742666,2.857142857142857,0.8997354108424374,2.857142857142857,1.3451854182690985,1.8714285714285714,1.0403753901265411
563142,Alps,1400.550802,1399.5,136.0172315,1106,1741,635,49.76609151,53,266.5373186,267,-73.65200726,-70.5,192.6839671,196,09,2019-07-13,ForetFeuillus,3,13.366666666666665,0.28867513459481287,0.3666666666666667,0.5507570547286103,1.6666666666666667,0.5773502691896257,2.033333333333333,1.9502136635080098,0.4,0.5196152422706632,4.666666666666667,0.5773502691896257,0.4,0.5196152422706632
563142,Alps,1400.550802,1399.5,136.0172315,1106,1741,635,49.76609151,53,266.5373186,267,-73.65200726,-70.5,192.6839671,196,09,2019-07-13,ForetMixe,4,13.299999999999999,0.2708012801545319,1.025,1.1265729744080792,1.75,0.5,1,1.1547005383792515,1.25,0.5,4.5,0.5773502691896257,0.775,0.45
563142,Alps,1400.550802,1399.5,136.0172315,1106,1741,635,49.76609151,53,266.5373186,267,-73.65200726,-70.5,192.6839671,196,09,2019-07-13,lisiere,2,13.5,0.8485281374238566,0.5,0.7071067811865476,3.5,2.1213203435596424,2,1.4142135623730951,1.55,2.0506096654409878,1.5,0.7071067811865476,0.5,0.7071067811865476
563142,Alps,1400.550802,1399.5,136.0172315,1106,1741,635,49.76609151,53,266.5373186,267,-73.65200726,-70.5,192.6839671,196,09,2019-07-13,transport,1,13.8,NA,3,NA,2,NA,0,NA,2,NA,2,NA,1,NA
563142,Alps,1400.550802,1399.5,136.0172315,1106,1741,635,49.76609151,53,266.5373186,267,-73.65200726,-70.5,192.6839671,196,09,2019-07-13,ZoneConstruite,1,13.7,NA,2,NA,4,NA,0,NA,1,NA,2,NA,0.1,NA
557150,Low,751.5364281,754,80.81869007,588,902,314,89,89,268.5,268.5,-35,-35,233.5,233.5,10,2019-08-06,Autre,10,21.87,1.85115579511228,3.8,0.9189365834726815,2.5,0.7071067811865476,0.3,0.9486832980505138,1.11,0.9825703254446698,0.83,0.7557924465236618,0.13,0.3093002855909879
557150,Low,751.5364281,754,80.81869007,588,902,314,89,89,268.5,268.5,-35,-35,233.5,233.5,10,2019-08-06,CulturePerm,1,22.1,NA,2,NA,5,NA,0,NA,2,NA,0,NA,0,NA
557150,Low,751.5364281,754,80.81869007,588,902,314,89,89,268.5,268.5,-35,-35,233.5,233.5,10,2019-08-06,ForetConifere,1,16.6,NA,0,NA,1,NA,2,NA,2,NA,5,NA,2,NA
557150,Low,751.5364281,754,80.81869007,588,902,314,89,89,268.5,268.5,-35,-35,233.5,233.5,10,2019-08-06,ForetFeuillus,2,17.15,0.7778174593052007,0.5,0.7071067811865476,1.5,0.7071067811865476,2,0,2,0,4,1.4142135623730951,2,0
557150,Low,751.5364281,754,80.81869007,588,902,314,89,89,268.5,268.5,-35,-35,233.5,233.5,10,2019-08-06,ForetMixe,2,17.25,1.0606601717798212,1.55,2.0506096654409878,1.05,1.3435028842544403,2,1.4142135623730951,2,1.4142135623730951,3.5,2.1213203435596424,1,0
557150,Low,751.5364281,754,80.81869007,588,902,314,89,89,268.5,268.5,-35,-35,233.5,233.5,10,2019-08-06,lisiere,3,19.066666666666666,1.357694123627753,2,1,2.3333333333333335,1.1547005383792515,2.6666666666666665,0.5773502691896257,2,0,2.3333333333333335,1.5275252316519468,1,0
557150,Low,751.5364281,754,80.81869007,588,902,314,89,89,268.5,268.5,-35,-35,233.5,233.5,10,2019-08-06,PrairieSeche,2,19.95,0.6363961030678917,4,0,2,0,0.5,0.7071067811865476,1,0,0,0,0.5,0.7071067811865476
557150,Low,751.5364281,754,80.81869007,588,902,314,89,89,268.5,268.5,-35,-35,233.5,233.5,10,2019-08-06,transport,1,18.1,NA,2,NA,2,NA,1,NA,2,NA,3,NA,2,NA
557150,Low,751.5364281,754,80.81869007,588,902,314,89,89,268.5,268.5,-35,-35,233.5,233.5,10,2019-08-06,ZoneConstruite,3,21.933333333333334,2.1007935008784973,3.3333333333333335,0.5773502691896257,3,1.7320508075688772,0,0,1.3333333333333333,1.1547005383792515,0.6666666666666666,1.1547005383792515,0,0
551158,Low,639.9766822,632,31.46350512,589,710,121,96.5,96.5,267.5,267.5,-27.5,-27.5,240.5,240.5,11,2019-08-21,Autre,7,16.885714285714286,1.0221359521912452,3.142857142857143,0.3779644730092272,3.7142857142857144,0.4879500364742666,0,0,1.0142857142857142,1.1408017231002816,0.7285714285714285,0.740977475398287,0.22857142857142856,0.3401680257083045
551158,Low,639.9766822,632,31.46350512,589,710,121,96.5,96.5,267.5,267.5,-27.5,-27.5,240.5,240.5,11,2019-08-21,CulturePerm,1,16,NA,3,NA,3,NA,0,NA,2,NA,2,NA,0.1,NA
551158,Low,639.9766822,632,31.46350512,589,710,121,96.5,96.5,267.5,267.5,-27.5,-27.5,240.5,240.5,11,2019-08-21,ForetConifere,1,13.3,NA,0,NA,0.1,NA,0.1,NA,3,NA,4,NA,0.1,NA
551158,Low,639.9766822,632,31.46350512,589,710,121,96.5,96.5,267.5,267.5,-27.5,-27.5,240.5,240.5,11,2019-08-21,ForetFeuillus,1,15,NA,0.1,NA,1,NA,2,NA,2,NA,4,NA,1,NA
551158,Low,639.9766822,632,31.46350512,589,710,121,96.5,96.5,267.5,267.5,-27.5,-27.5,240.5,240.5,11,2019-08-21,ForetMixe,1,14.5,NA,0,NA,2,NA,3,NA,2,NA,3,NA,1,NA
551158,Low,639.9766822,632,31.46350512,589,710,121,96.5,96.5,267.5,267.5,-27.5,-27.5,240.5,240.5,11,2019-08-21,lisiere,1,15.7,NA,3,NA,3,NA,3,NA,0,NA,0,NA,0.1,NA
551158,Low,639.9766822,632,31.46350512,589,710,121,96.5,96.5,267.5,267.5,-27.5,-27.5,240.5,240.5,11,2019-08-21,transport,1,18.1,NA,4,NA,3,NA,0,NA,0.1,NA,0.1,NA,0.1,NA
551158,Low,639.9766822,632,31.46350512,589,710,121,96.5,96.5,267.5,267.5,-27.5,-27.5,240.5,240.5,11,2019-08-21,zalluviale,1,14.2,NA,1,NA,2,NA,4,NA,2,NA,1,NA,1,NA
551158,Low,639.9766822,632,31.46350512,589,710,121,96.5,96.5,267.5,267.5,-27.5,-27.5,240.5,240.5,11,2019-08-21,ZoneConstruite,1,18.5,NA,4,NA,2,NA,0,NA,2,NA,0.1,NA,0,NA
545150,Low,708.035668,716,48.39000013,573,792,219,92.7692223,97.5,268.0862365,268.5,-31.05726865,-27,236.8369127,241.5,12,2019-08-13,Autre,9,19.322222222222223,0.9972183534434388,3.2222222222222223,1.092906420717,2.888888888888889,1.0540925533894598,0,0,1.0333333333333334,1.0851267207105353,1.0222222222222221,1.3045859283483188,0.011111111111111112,0.03333333333333334
545150,Low,708.035668,716,48.39000013,573,792,219,92.7692223,97.5,268.0862365,268.5,-31.05726865,-27,236.8369127,241.5,12,2019-08-13,CulturePerm,2,18.65,1.2020815280171302,4,0,2,0,0.5,0.7071067811865476,2,0,0,0,0,0
545150,Low,708.035668,716,48.39000013,573,792,219,92.7692223,97.5,268.0862365,268.5,-31.05726865,-27,236.8369127,241.5,12,2019-08-13,ForetConifere,1,15.1,NA,0,NA,0,NA,2,NA,2,NA,5,NA,2,NA
545150,Low,708.035668,716,48.39000013,573,792,219,92.7692223,97.5,268.0862365,268.5,-31.05726865,-27,236.8369127,241.5,12,2019-08-13,ForetFeuillus,1,17.7,NA,1,NA,3,NA,2,NA,2,NA,2,NA,1,NA
545150,Low,708.035668,716,48.39000013,573,792,219,92.7692223,97.5,268.0862365,268.5,-31.05726865,-27,236.8369127,241.5,12,2019-08-13,ForetMixe,1,14.7,NA,0,NA,1,NA,2,NA,2,NA,5,NA,1,NA
545150,Low,708.035668,716,48.39000013,573,792,219,92.7692223,97.5,268.0862365,268.5,-31.05726865,-27,236.8369127,241.5,12,2019-08-13,Graviere,1,20.4,NA,2,NA,5,NA,0,NA,1,NA,1,NA,2,NA
545150,Low,708.035668,716,48.39000013,573,792,219,92.7692223,97.5,268.0862365,268.5,-31.05726865,-27,236.8369127,241.5,12,2019-08-13,lisiere,1,17.7,NA,3,NA,2,NA,2,NA,2,NA,1,NA,0,NA
545150,Low,708.035668,716,48.39000013,573,792,219,92.7692223,97.5,268.0862365,268.5,-31.05726865,-27,236.8369127,241.5,12,2019-08-13,PrairieSeche,1,19.6,NA,4,NA,3,NA,0,NA,2,NA,2,NA,0.1,NA
545150,Low,708.035668,716,48.39000013,573,792,219,92.7692223,97.5,268.0862365,268.5,-31.05726865,-27,236.8369127,241.5,12,2019-08-13,transport,2,20.45,1.7677669529663689,2.5,0.7071067811865476,3,1.4142135623730951,0,0,2.5,0.7071067811865476,1,1.4142135623730951,0.05,0.07071067811865477
545150,Low,708.035668,716,48.39000013,573,792,219,92.7692223,97.5,268.0862365,268.5,-31.05726865,-27,236.8369127,241.5,12,2019-08-13,ZoneConstruite,5,18.82,1.1031772296417277,3.4,0.8944271909999159,2.8,0.8366600265340756,0.4,0.5477225575051661,1.8,0.44721359549995793,0.6,0.5477225575051661,0.64,0.4929503017546495
539158,Low,772.2057106,775,20.7170266,711,819,108,88.5,88.5,265.5,265.5,-34.25,-34,231.5,231.5,13,2019-07-01,Autre,11,22.463636363636365,3.345825078294658,4.545454545454546,0.6875516509523286,2.6454545454545455,1.3426567963285603,0,0,0.4636363636363636,0.81519657417426294,2.727272727272727,1.9021518914592015,0,0
539158,Low,772.2057106,775,20.7170266,711,819,108,88.5,88.5,265.5,265.5,-34.25,-34,231.5,231.5,13,2019-07-01,ForetConifere,4,18.2,1.2138094304022091,0.05,0.05773502691896258,0.1,0,2.05,2.3951339558919593,0.5,0.5773502691896257,4.25,0.5,3,1.8257418583505538
539158,Low,772.2057106,775,20.7170266,711,819,108,88.5,88.5,265.5,265.5,-34.25,-34,231.5,231.5,13,2019-07-01,ForetFeuillus,6,17.5,0.846167832052247,1.3333333333333333,1.2110601416389966,2.0166666666666666,1.7668238923748645,2.683333333333333,1.939501654205705,0.5,0.8366600265340756,5,0,0.5333333333333333,0.5125101625008686
539158,Low,772.2057106,775,20.7170266,711,819,108,88.5,88.5,265.5,265.5,-34.25,-34,231.5,231.5,13,2019-07-01,ForetMixe,5,18.9,1.56684396159924,0.6,0.8944271909999159,1.64,1.7728508115461943,2.62,1.634625339336204,0.6,0.5477225575051661,4.8,0.44721359549995793,1.4,0.5477225575051661
539158,Low,772.2057106,775,20.7170266,711,819,108,88.5,88.5,265.5,265.5,-34.25,-34,231.5,231.5,13,2019-07-01,lisiere,2,18.25,0.7778174593052033,4,0,3.5,0.7071067811865476,4,0,0,0,3,2.8284271247461903,0,0
539158,Low,772.2057106,775,20.7170266,711,819,108,88.5,88.5,265.5,265.5,-34.25,-34,231.5,231.5,13,2019-07-01,transport,1,25.8,NA,4,NA,2,NA,4,NA,0,NA,1,NA,0,NA
539158,Low,772.2057106,775,20.7170266,711,819,108,88.5,88.5,265.5,265.5,-34.25,-34,231.5,231.5,13,2019-07-01,ZoneConstruite,1,24.2,NA,5,NA,1,NA,0,NA,1,NA,3,NA,0,NA
545166,Low,783.0825274,779,24.24841134,733,833,100,86.5,86.5,265,265,-35.5,-35.5,229,229,14,2019-08-30,Autre,16,19.07857142857143,1.1878737121613379,2.81875,1.4114856239674092,2.4375,1.0307764064044151,0,0,1.69375,1.3443554837418066,1.00625,1.5876476309307428,0.46875,0.48541219597368995
545166,Low,783.0825274,779,24.24841134,733,833,100,86.5,86.5,265,265,-35.5,-35.5,229,229,14,2019-08-30,CulturePerm,1,18.7,NA,4,NA,2,NA,0,NA,1,NA,0,NA,0,NA
545166,Low,783.0825274,779,24.24841134,733,833,100,86.5,86.5,265,265,-35.5,-35.5,229,229,14,2019-08-30,ForetConifere,1,17.1,NA,0,NA,2,NA,3,NA,3,NA,3,NA,2,NA
545166,Low,783.0825274,779,24.24841134,733,833,100,86.5,86.5,265,265,-35.5,-35.5,229,229,14,2019-08-30,ForetFeuillus,1,17,NA,0,NA,1,NA,5,NA,1,NA,1,NA,1,NA
545166,Low,783.0825274,779,24.24841134,733,833,100,86.5,86.5,265,265,-35.5,-35.5,229,229,14,2019-08-30,ForetMixe,1,16.8,NA,0,NA,1,NA,5,NA,1,NA,4,NA,1,NA
545166,Low,783.0825274,779,24.24841134,733,833,100,86.5,86.5,265,265,-35.5,-35.5,229,229,14,2019-08-30,lisiere,1,15.8,NA,2,NA,3,NA,0,NA,2,NA,4,NA,1,NA
545166,Low,783.0825274,779,24.24841134,733,833,100,86.5,86.5,265,265,-35.5,-35.5,229,229,14,2019-08-30,transport,1,21,NA,4,NA,2,NA,0,NA,1,NA,0,NA,2,NA
545166,Low,783.0825274,779,24.24841134,733,833,100,86.5,86.5,265,265,-35.5,-35.5,229,229,14,2019-08-30,ZoneConstruite,3,19.6,0.20000000000000107,3.6666666666666665,0.5773502691896257,2.3333333333333335,0.5773502691896257,0,0,1.3333333333333333,0.5773502691896257,0,0,0.6666666666666666,0.5773502691896257
551174,Low,754.1431385,757,23.1352584,692,805,113,88.89286945,90,264.4204414,265,-33.13112985,-32,231.7712708,232.5,15,2019-07-23,Autre,16,23.51111111111111,3.8312675593217334,4.3125,1.0144785195688801,1.125,1.408308678285174,0.0625,0.25,0.50625,0.8127884103504429,0.875,1.0878112581387147,0.08125,0.24824383174612819
551174,Low,754.1431385,757,23.1352584,692,805,113,88.89286945,90,264.4204414,265,-33.13112985,-32,231.7712708,232.5,15,2019-07-23,ForetConifere,1,17.5,NA,0,NA,0,NA,0,NA,1,NA,5,NA,0,NA
551174,Low,754.1431385,757,23.1352584,692,805,113,88.89286945,90,264.4204414,265,-33.13112985,-32,231.7712708,232.5,15,2019-07-23,ForetFeuillus,3,17.3,NA,0.03333333333333333,0.05773502691896258,1,1,2.3333333333333335,1.5275252316519468,1.6666666666666667,0.5773502691896257,4.666666666666667,0.5773502691896257,0.7,1.1269427669584644
551174,Low,754.1431385,757,23.1352584,692,805,113,88.89286945,90,264.4204414,265,-33.13112985,-32,231.7712708,232.5,15,2019-07-23,ForetMixe,2,NaN,NA,0.05,0.07071067811865477,2,0,2,0,2.5,0.7071067811865476,3.5,0.7071067811865476,0.55,0.6363961030678927
551174,Low,754.1431385,757,23.1352584,692,805,113,88.89286945,90,264.4204414,265,-33.13112985,-32,231.7712708,232.5,15,2019-07-23,lisiere,1,NaN,NA,1,NA,2,NA,2,NA,1,NA,4,NA,0.1,NA
551174,Low,754.1431385,757,23.1352584,692,805,113,88.89286945,90,264.4204414,265,-33.13112985,-32,231.7712708,232.5,15,2019-07-23,transport,1,22,NA,5,NA,0,NA,0,NA,0,NA,0,NA,0,NA
551174,Low,754.1431385,757,23.1352584,692,805,113,88.89286945,90,264.4204414,265,-33.13112985,-32,231.7712708,232.5,15,2019-07-23,ZoneConstruite,1,28.1,NA,5,NA,0,NA,0,NA,0,NA,1,NA,0,NA
563190,Low,437.3816489,437,4.872778648,426,450,24,106,106,265,265,-16,-16,249,249,16,2019-09-04,Autre,19,18.066666666666666,1.5703128200906902,2.9444444444444446,1.1617543641469048,2.283333333333333,1.6299584982085749,0.1111111111111111,0.3233808333817773,2.5,1.0981267472114393,1.2222222222222223,1.1659661762602749,0.18333333333333335,0.3776864557056943
563190,Low,437.3816489,437,4.872778648,426,450,24,106,106,265,265,-16,-16,249,249,16,2019-09-04,ForetFeuillus,1,16.2,NA,2,NA,0.1,NA,4,NA,3,NA,0.1,NA,0,NA
563190,Low,437.3816489,437,4.872778648,426,450,24,106,106,265,265,-16,-16,249,249,16,2019-09-04,lisiere,1,17.4,NA,4,NA,2,NA,2,NA,0,NA,3,NA,0,NA
563190,Low,437.3816489,437,4.872778648,426,450,24,106,106,265,265,-16,-16,249,249,16,2019-09-04,transport,1,18.1,NA,4,NA,2,NA,2,NA,3,NA,1,NA,0,NA
569198,Low,537.8954635,536,23.62035888,483,597,114,100.603877,101,264,264,-21.39612298,-21,242.603877,243,17,2019-09-05,Autre,16,17.81875,1.0400120191613174,2.8125,1.4705441169852742,1.875,1.4548768561863463,0.1875,0.75,2.38125,1.4441693114036178,1.625,1.0878112581387147,0.14375,0.4966135318333563
569198,Low,537.8954635,536,23.62035888,483,597,114,100.603877,101,264,264,-21.39612298,-21,242.603877,243,17,2019-09-05,CulturePerm,1,16.8,NA,5,NA,0,NA,1,NA,0,NA,0,NA,0,NA
569198,Low,537.8954635,536,23.62035888,483,597,114,100.603877,101,264,264,-21.39612298,-21,242.603877,243,17,2019-09-05,ForetConifere,3,15.433333333333334,0.35118845842842517,0.6666666666666666,1.1547005383792515,1.0333333333333334,0.9504384952922168,2.3666666666666667,2.0256686138984663,2,0,3.6666666666666665,1.1547005383792515,2,0
569198,Low,537.8954635,536,23.62035888,483,597,114,100.603877,101,264,264,-21.39612298,-21,242.603877,243,17,2019-09-05,ForetFeuillus,1,18.6,NA,2,NA,2,NA,4,NA,3,NA,3,NA,0.1,NA
569198,Low,537.8954635,536,23.62035888,483,597,114,100.603877,101,264,264,-21.39612298,-21,242.603877,243,17,2019-09-05,ForetMixe,1,15.3,NA,0,NA,2,NA,1,NA,3,NA,4,NA,2,NA
569198,Low,537.8954635,536,23.62035888,483,597,114,100.603877,101,264,264,-21.39612298,-21,242.603877,243,17,2019-09-05,lisiere,1,16.5,NA,2,NA,1,NA,3,NA,2,NA,2,NA,1,NA
569198,Low,537.8954635,536,23.62035888,483,597,114,100.603877,101,264,264,-21.39612298,-21,242.603877,243,17,2019-09-05,transport,1,15.9,NA,3,NA,3,NA,0,NA,2,NA,3,NA,2,NA
569198,Low,537.8954635,536,23.62035888,483,597,114,100.603877,101,264,264,-21.39612298,-21,242.603877,243,17,2019-09-05,ZoneConstruite,1,18.5,NA,5,NA,1,NA,0,NA,2,NA,2,NA,0,NA
545182,Low,460.9502262,459,21.18043833,428,518,90,106,106,264.75,265,-15.75,-15.5,248.25,248.5,18,2019-07-26,Autre,19,25.15714285714286,3.210251436525539,3.8421052631578947,0.8342100651206134,2.4210526315789473,0.6924826089821245,0.2631578947368421,0.9334586382051248,1.0052631578947369,0.809988809394938,0.47368421052631576,0.7723284457212329,0.3684210526315789,0.6839855680567694
545182,Low,460.9502262,459,21.18043833,428,518,90,106,106,264.75,265,-15.75,-15.5,248.25,248.5,18,2019-07-26,ForetConifere,1,20.3,NA,1,NA,2,NA,3,NA,3,NA,3,NA,2,NA
545182,Low,460.9502262,459,21.18043833,428,518,90,106,106,264.75,265,-15.75,-15.5,248.25,248.5,18,2019-07-26,ForetFeuillus,1,19,NA,1,NA,1,NA,5,NA,2,NA,3,NA,1,NA
545182,Low,460.9502262,459,21.18043833,428,518,90,106,106,264.75,265,-15.75,-15.5,248.25,248.5,18,2019-07-26,ForetMixe,1,19.7,NA,0,NA,0,NA,2,NA,3,NA,3,NA,0,NA
545182,Low,460.9502262,459,21.18043833,428,518,90,106,106,264.75,265,-15.75,-15.5,248.25,248.5,18,2019-07-26,lisiere,1,18.1,NA,0,NA,1,NA,3,NA,2,NA,3,NA,1,NA
545182,Low,460.9502262,459,21.18043833,428,518,90,106,106,264.75,265,-15.75,-15.5,248.25,248.5,18,2019-07-26,transport,1,25.2,NA,5,NA,0.1,NA,0,NA,1,NA,1,NA,0,NA
545182,Low,460.9502262,459,21.18043833,428,518,90,106,106,264.75,265,-15.75,-15.5,248.25,248.5,18,2019-07-26,ZoneConstruite,1,23.5,NA,5,NA,1,NA,0,NA,0,NA,1,NA,0,NA
545190,Low,629.0956123,652,71.86085861,466,752,286,97.5,97.5,262.5,262.5,-23.5,-23.5,239,239,19,2019-07-30,Autre,5,21.7,2.2079402165819615,4.4,0.8944271909999159,1.24,1.2581732790041282,0,0,1.22,1.0686440005914037,1.4,1.3416407864998738,0.22,0.4381780460041329
545190,Low,629.0956123,652,71.86085861,466,752,286,97.5,97.5,262.5,262.5,-23.5,-23.5,239,239,19,2019-07-30,Carriere,1,24.4,NA,0,NA,2,NA,0,NA,5,NA,0,NA,0,NA
545190,Low,629.0956123,652,71.86085861,466,752,286,97.5,97.5,262.5,262.5,-23.5,-23.5,239,239,19,2019-07-30,CulturePerm,1,19.8,NA,1,NA,5,NA,0,NA,2,NA,2,NA,0.1,NA
545190,Low,629.0956123,652,71.86085861,466,752,286,97.5,97.5,262.5,262.5,-23.5,-23.5,239,239,19,2019-07-30,ForetConifere,1,17.4,NA,0,NA,0.1,NA,0,NA,3,NA,4,NA,2,NA
545190,Low,629.0956123,652,71.86085861,466,752,286,97.5,97.5,262.5,262.5,-23.5,-23.5,239,239,19,2019-07-30,ForetFeuillus,10,16.7,1.2101423240447566,0.52,0.6924994985958874,1.01,1.0439774369635049,2.5,0.7071067811865476,1.9,0.7378647873726218,4,0.816496580927726,1.41,0.6773313648265359
545190,Low,629.0956123,652,71.86085861,466,752,286,97.5,97.5,262.5,262.5,-23.5,-23.5,239,239,19,2019-07-30,ForetMixe,2,17.35,2.1920310216782957,0.5,0.7071067811865476,1.5,2.1213203435596424,3,0,2.5,0.7071067811865476,3,1.4142135623730951,1.5,0.7071067811865476
545190,Low,629.0956123,652,71.86085861,466,752,286,97.5,97.5,262.5,262.5,-23.5,-23.5,239,239,19,2019-07-30,lisiere,1,16.8,NA,0,NA,2,NA,2,NA,3,NA,3,NA,1,NA
545190,Low,629.0956123,652,71.86085861,466,752,286,97.5,97.5,262.5,262.5,-23.5,-23.5,239,239,19,2019-07-30,PrairieSeche,1,21.1,NA,4,NA,2,NA,0,NA,1,NA,1,NA,0.1,NA
545190,Low,629.0956123,652,71.86085861,466,752,286,97.5,97.5,262.5,262.5,-23.5,-23.5,239,239,19,2019-07-30,transport,1,23.6,NA,2,NA,2,NA,1,NA,4,NA,2,NA,0.1,NA
545190,Low,629.0956123,652,71.86085861,466,752,286,97.5,97.5,262.5,262.5,-23.5,-23.5,239,239,19,2019-07-30,ZoneConstruite,1,21.9,NA,3,NA,4,NA,2,NA,1,NA,1,NA,0.1,NA
539190,Jura,1227.157895,1249,86.08079935,990,1350,360,61.07607212,58.5,258.037159,257.5,-57.05416964,-59.5,200.841772,197.5,20,2019-07-24,Autre,5,NaN,NA,3.8,0.8366600265340756,2.8,0.44721359549995793,0.62,1.331164903383499,0.82,0.40249223594996214,0.8,1.3038404810405297,0.26,0.4159326868617084
539190,Jura,1227.157895,1249,86.08079935,990,1350,360,61.07607212,58.5,258.037159,257.5,-57.05416964,-59.5,200.841772,197.5,20,2019-07-24,ForetConifere,1,NaN,NA,0,NA,1,NA,1,NA,1,NA,5,NA,1,NA
539190,Jura,1227.157895,1249,86.08079935,990,1350,360,61.07607212,58.5,258.037159,257.5,-57.05416964,-59.5,200.841772,197.5,20,2019-07-24,ForetFeuillus,11,NaN,NA,0.4636363636363636,0.6815757144627841,1.7272727272727273,0.7862453931068965,0.45454545454545453,1.0357254813546264,1,0.6324555320336759,4.545454545454546,0.6875516509523286,0.6363636363636364,1.2862913567871994
539190,Jura,1227.157895,1249,86.08079935,990,1350,360,61.07607212,58.5,258.037159,257.5,-57.05416964,-59.5,200.841772,197.5,20,2019-07-24,ForetMixe,5,NaN,NA,0.8,0.8366600265340756,1.6,0.5477225575051661,1.6,1.6733200530681511,1.4,0.8944271909999159,4.4,0.5477225575051661,1,1
539190,Jura,1227.157895,1249,86.08079935,990,1350,360,61.07607212,58.5,258.037159,257.5,-57.05416964,-59.5,200.841772,197.5,20,2019-07-24,lisiere,1,NaN,NA,1,NA,2,NA,1,NA,3,NA,3,NA,1,NA
539190,Jura,1227.157895,1249,86.08079935,990,1350,360,61.07607212,58.5,258.037159,257.5,-57.05416964,-59.5,200.841772,197.5,20,2019-07-24,transport,1,NaN,NA,1,NA,2,NA,1,NA,2,NA,3,NA,0,NA
539190,Jura,1227.157895,1249,86.08079935,990,1350,360,61.07607212,58.5,258.037159,257.5,-57.05416964,-59.5,200.841772,197.5,20,2019-07-24,ZoneConstruite,1,NaN,NA,5,NA,2,NA,0,NA,1,NA,0,NA,1,NA
533190,Jura,1405.22846,1409,23.71865169,1327,1457,130,49,49,256,256,-68,-68,188,188,21,2019-08-26,Autre,17,16.925,2.026984624181118,2.9411764705882355,1.3449251017851382,2.823529411764706,1.1311108542958477,0.711764705882353,1.0427621690378255,1.9529411764705882,1.0056823846640297,0.8941176470588236,0.9161540456135735,0.4588235294117647,0.586364672718066
533190,Jura,1405.22846,1409,23.71865169,1327,1457,130,49,49,256,256,-68,-68,188,188,21,2019-08-26,ForetConifere,2,12.899999999999999,1.1313708498984758,1.5,0.7071067811865476,2.5,0.7071067811865476,2.5,0.7071067811865476,1.5,0.7071067811865476,1,0,3,1.4142135623730951
533190,Jura,1405.22846,1409,23.71865169,1327,1457,130,49,49,256,256,-68,-68,188,188,21,2019-08-26,ForetMixe,1,13.1,NA,2,NA,2,NA,2,NA,3,NA,2,NA,2,NA
533190,Jura,1405.22846,1409,23.71865169,1327,1457,130,49,49,256,256,-68,-68,188,188,21,2019-08-26,Graviere,1,13.1,NA,3,NA,4,NA,0,NA,1,NA,1,NA,1,NA
533190,Jura,1405.22846,1409,23.71865169,1327,1457,130,49,49,256,256,-68,-68,188,188,21,2019-08-26,lisiere,1,14.9,NA,2,NA,3,NA,1,NA,3,NA,2,NA,2,NA
533190,Jura,1405.22846,1409,23.71865169,1327,1457,130,49,49,256,256,-68,-68,188,188,21,2019-08-26,PrairieSeche,1,16,NA,2,NA,4,NA,2,NA,2,NA,2,NA,1,NA
533190,Jura,1405.22846,1409,23.71865169,1327,1457,130,49,49,256,256,-68,-68,188,188,21,2019-08-26,transport,1,22.3,NA,3,NA,3,NA,0,NA,3,NA,0,NA,2,NA
533190,Jura,1405.22846,1409,23.71865169,1327,1457,130,49,49,256,256,-68,-68,188,188,21,2019-08-26,ZoneConstruite,1,16.9,NA,4,NA,2,NA,0,NA,2,NA,0,NA,0,NA
533182,Low,525.7249022,527,11.10058048,488,557,69,102,102,263,263,-19,-19,243.5,243.5,22,2019-08-02,Autre,19,20.473684210526315,1.679894872789881,2.473684210526316,1.5765088382115289,1.9526315789473685,1.1682695755559118,0,0,2.794736842105263,1.5385684848118202,0.9526315789473684,1.611889305908729,0.22105263157894736,0.4144326072655387
533182,Low,525.7249022,527,11.10058048,488,557,69,102,102,263,263,-19,-19,243.5,243.5,22,2019-08-02,ForetConifere,1,16.2,NA,0,NA,0.1,NA,5,NA,1,NA,1,NA,2,NA
533182,Low,525.7249022,527,11.10058048,488,557,69,102,102,263,263,-19,-19,243.5,243.5,22,2019-08-02,ForetFeuillus,2,16.75,0.21213203435596223,0.05,0.07071067811865477,2.5,0.7071067811865476,3.5,0.7071067811865476,1.5,0.7071067811865476,3,0,2,0
533182,Low,525.7249022,527,11.10058048,488,557,69,102,102,263,263,-19,-19,243.5,243.5,22,2019-08-02,ForetMixe,1,16.9,NA,0,NA,2,NA,3,NA,2,NA,5,NA,1,NA
533182,Low,525.7249022,527,11.10058048,488,557,69,102,102,263,263,-19,-19,243.5,243.5,22,2019-08-02,lisiere,1,17.9,NA,1,NA,2,NA,4,NA,1,NA,2,NA,2,NA
533182,Low,525.7249022,527,11.10058048,488,557,69,102,102,263,263,-19,-19,243.5,243.5,22,2019-08-02,transport,1,22.5,NA,4,NA,3,NA,0,NA,3,NA,1,NA,0.1,NA
527182,Jura,1216.433914,1221,78.54291609,1058,1455,397,60.1180355,58.5,257.558369,257.5,-57.64437606,-59,200.102422,198.5,23,2019-07-22,Autre,13,17.86,0.7334848328356899,3.6153846153846154,0.7679476477883045,2.923076923076923,0.6405126152203485,0.007692307692307693,0.02773500981126146,1.476923076923077,1.1783843785411208,0.46153846153846156,0.6602252917735247,0.015384615384615385,0.03755338080994054
527182,Jura,1216.433914,1221,78.54291609,1058,1455,397,60.1180355,58.5,257.558369,257.5,-57.64437606,-59,200.102422,198.5,23,2019-07-22,ForetConifere,1,16,NA,0,NA,0,NA,1,NA,3,NA,3,NA,3,NA
527182,Jura,1216.433914,1221,78.54291609,1058,1455,397,60.1180355,58.5,257.558369,257.5,-57.64437606,-59,200.102422,198.5,23,2019-07-22,ForetFeuillus,4,15.333333333333334,1.001665280087782,1.5,1,1.75,0.9574271077563381,1.5,0.5773502691896257,2,0.816496580927726,3.5,1.2909944487358056,1.025,0.7762087348130012
527182,Jura,1216.433914,1221,78.54291609,1058,1455,397,60.1180355,58.5,257.558369,257.5,-57.64437606,-59,200.102422,198.5,23,2019-07-22,ForetMixe,2,14.1,0.7071067811865476,1,1.4142135623730951,1.5,0.7071067811865476,2,0,1.5,0.7071067811865476,3.5,0.7071067811865476,0,0
527182,Jura,1216.433914,1221,78.54291609,1058,1455,397,60.1180355,58.5,257.558369,257.5,-57.64437606,-59,200.102422,198.5,23,2019-07-22,lisiere,3,14.5,NA,1.6666666666666667,1.5275252316519468,2.3333333333333335,1.1547005383792515,0.6666666666666666,0.5773502691896257,2,1,3,1,0.3666666666666667,0.5507570547286103
527182,Jura,1216.433914,1221,78.54291609,1058,1455,397,60.1180355,58.5,257.558369,257.5,-57.64437606,-59,200.102422,198.5,23,2019-07-22,transport,1,NaN,NA,1,NA,3,NA,0,NA,4,NA,2,NA,0.1,NA
527182,Jura,1216.433914,1221,78.54291609,1058,1455,397,60.1180355,58.5,257.558369,257.5,-57.64437606,-59,200.102422,198.5,23,2019-07-22,ZoneConstruite,1,18.1,NA,3,NA,2,NA,0,NA,3,NA,0,NA,1,NA
527174,Low,624.2417369,628,17.69400073,579,661,82,96.5,96.5,262.5,262.5,-23.5,-23.5,239,239,24,2019-09-03,Autre,10,18.53,1.925299399516287,3.8,1.6193277068654826,1.7,1.888562063228706,0,0,0.7,0.9486832980505138,0.7,0.9486832980505138,0.13,0.3093002855909879
527174,Low,624.2417369,628,17.69400073,579,661,82,96.5,96.5,262.5,262.5,-23.5,-23.5,239,239,24,2019-09-03,ForetConifere,2,15.5,0.7071067811865476,0,0,0.05,0.07071067811865477,2.5,3.5355339059327378,3,2.8284271247461903,1.5,0.7071067811865476,0.05,0.07071067811865477
527174,Low,624.2417369,628,17.69400073,579,661,82,96.5,96.5,262.5,262.5,-23.5,-23.5,239,239,24,2019-09-03,ForetFeuillus,5,15.2,0.33166247903553975,0.2,0.44721359549995793,0.82,1.0779610382569491,1.8,1.7888543819998317,1.6,0.8944271909999159,4.4,0.5477225575051661,1.2,1.0954451150103321
527174,Low,624.2417369,628,17.69400073,579,661,82,96.5,96.5,262.5,262.5,-23.5,-23.5,239,239,24,2019-09-03,ForetMixe,5,15.48,0.4969909455915667,0.62,0.8786353054595518,1,1.224744871391589,1.6,1.6733200530681511,2.4,0.5477225575051661,3.8,1.0954451150103321,1.8,0.8366600265340756
527174,Low,624.2417369,628,17.69400073,579,661,82,96.5,96.5,262.5,262.5,-23.5,-23.5,239,239,24,2019-09-03,lisiere,1,15.2,NA,3,NA,2,NA,3,NA,0,NA,3,NA,0,NA
527174,Low,624.2417369,628,17.69400073,579,661,82,96.5,96.5,262.5,262.5,-23.5,-23.5,239,239,24,2019-09-03,transport,1,15.8,NA,5,NA,0,NA,0,NA,1,NA,0,NA,0,NA
527174,Low,624.2417369,628,17.69400073,579,661,82,96.5,96.5,262.5,262.5,-23.5,-23.5,239,239,24,2019-09-03,ZoneConstruite,1,14.6,NA,4,NA,3,NA,0,NA,2,NA,2,NA,1,NA
539174,Low,620.8901961,615,19.5979116,589,668,79,96.04017377,96.5,264,264,-25.04276216,-24.5,238.8220506,239,25,2019-08-09,Autre,19,20.2,0.8666666666666666,3.1052631578947367,1.4100723717480785,2.5789473684210527,1.1697953037312037,0,0,1.6421052631578947,1.1001594780726032,0.9052631578947369,1.3218142768392769,0.005263157894736842,0.02294157338705618
539174,Low,620.8901961,615,19.5979116,589,668,79,96.04017377,96.5,264,264,-25.04276216,-24.5,238.8220506,239,25,2019-08-09,CulturePerm,1,21.1,NA,4,NA,2,NA,0.1,NA,2,NA,1,NA,0,NA
539174,Low,620.8901961,615,19.5979116,589,668,79,96.04017377,96.5,264,264,-25.04276216,-24.5,238.8220506,239,25,2019-08-09,ForetMixe,1,18,NA,0,NA,1,NA,4,NA,2,NA,5,NA,1,NA
539174,Low,620.8901961,615,19.5979116,589,668,79,96.04017377,96.5,264,264,-25.04276216,-24.5,238.8220506,239,25,2019-08-09,lisiere,1,18.7,NA,0,NA,1,NA,2,NA,3,NA,3,NA,0.1,NA
539174,Low,620.8901961,615,19.5979116,589,668,79,96.04017377,96.5,264,264,-25.04276216,-24.5,238.8220506,239,25,2019-08-09,transport,1,22.4,NA,3,NA,2,NA,0,NA,2,NA,0,NA,1,NA
539174,Low,620.8901961,615,19.5979116,589,668,79,96.04017377,96.5,264,264,-25.04276216,-24.5,238.8220506,239,25,2019-08-09,ZoneConstruite,2,21.299999999999997,0.141421356237309,3.5,0.7071067811865476,3,1.4142135623730951,0,0,1.05,1.3435028842544403,0.05,0.07071067811865477,0.5,0.7071067811865476
533166,Low,591.3564935,592,7.464343164,564,612,48,98.99091134,99,264.9248902,265,-22.91899648,-23,241.427999,241.5,26,2019-08-11,Autre,18,20.8,1.3324016352613273,2.9444444444444446,0.7253576985527025,2.611111111111111,1.1447521637192346,0.3888888888888889,1.1447521637192346,1.45,1.1922544142234468,0.8333333333333334,1.200490095997562,0.22777777777777777,0.5464382593137399
533166,Low,591.3564935,592,7.464343164,564,612,48,98.99091134,99,264.9248902,265,-22.91899648,-23,241.427999,241.5,26,2019-08-11,CulturePerm,1,21.5,NA,3,NA,4,NA,0,NA,0,NA,0,NA,0,NA
533166,Low,591.3564935,592,7.464343164,564,612,48,98.99091134,99,264.9248902,265,-22.91899648,-23,241.427999,241.5,26,2019-08-11,ForetFeuillus,1,17.3,NA,0,NA,0,NA,3,NA,2,NA,5,NA,2,NA
533166,Low,591.3564935,592,7.464343164,564,612,48,98.99091134,99,264.9248902,265,-22.91899648,-23,241.427999,241.5,26,2019-08-11,ForetMixe,1,17.2,NA,0,NA,1,NA,3,NA,2,NA,4,NA,1,NA
533166,Low,591.3564935,592,7.464343164,564,612,48,98.99091134,99,264.9248902,265,-22.91899648,-23,241.427999,241.5,26,2019-08-11,lisiere,1,17.1,NA,1,NA,2,NA,5,NA,0,NA,1,NA,1,NA
533166,Low,591.3564935,592,7.464343164,564,612,48,98.99091134,99,264.9248902,265,-22.91899648,-23,241.427999,241.5,26,2019-08-11,transport,1,19,NA,3,NA,3,NA,0.1,NA,0,NA,2,NA,2,NA
533166,Low,591.3564935,592,7.464343164,564,612,48,98.99091134,99,264.9248902,265,-22.91899648,-23,241.427999,241.5,26,2019-08-11,ZoneConstruite,1,20.5,NA,3,NA,3,NA,0,NA,2,NA,0,NA,0,NA
527158,Low,488.1319764,484,16.51872677,465,537,72,105.5,105.5,266,266,-16.5,-16.5,248.5,248.5,27,2019-07-31,Autre,15,20.757142857142856,0.638163574056642,3.1333333333333333,1.4573295865416045,2.2,1.082325538564332,0,0,2.14,1.4956126312842983,0.2733333333333333,0.5909637004403022,0.4066666666666667,0.6284523696767965
527158,Low,488.1319764,484,16.51872677,465,537,72,105.5,105.5,266,266,-16.5,-16.5,248.5,248.5,27,2019-07-31,CulturePerm,4,21.375,0.4787135538781698,3.75,1.2583057392117916,2.025,1.7895530168173281,1,1.4142135623730951,2.025,1.3671747023210554,1.025,0.7762087348130012,0.025,0.05
527158,Low,488.1319764,484,16.51872677,465,537,72,105.5,105.5,266,266,-16.5,-16.5,248.5,248.5,27,2019-07-31,ForetFeuillus,2,18.950000000000003,1.9091883092036779,1,1.4142135623730951,1.05,1.3435028842544403,2.5,0.7071067811865476,2,1.4142135623730951,3.5,2.1213203435596424,0.05,0.07071067811865477
527158,Low,488.1319764,484,16.51872677,465,537,72,105.5,105.5,266,266,-16.5,-16.5,248.5,248.5,27,2019-07-31,ForetMixe,1,19.1,NA,4,NA,3,NA,0,NA,1,NA,1,NA,1,NA
527158,Low,488.1319764,484,16.51872677,465,537,72,105.5,105.5,266,266,-16.5,-16.5,248.5,248.5,27,2019-07-31,lisiere,1,19.4,NA,3,NA,2,NA,4,NA,1,NA,2,NA,0.1,NA
527158,Low,488.1319764,484,16.51872677,465,537,72,105.5,105.5,266,266,-16.5,-16.5,248.5,248.5,27,2019-07-31,transport,1,22.5,NA,1,NA,4,NA,2,NA,3,NA,2,NA,0,NA
527158,Low,488.1319764,484,16.51872677,465,537,72,105.5,105.5,266,266,-16.5,-16.5,248.5,248.5,27,2019-07-31,ZoneConstruite,1,20.3,NA,3,NA,4,NA,0,NA,1,NA,2,NA,0.1,NA
521166,Low,796.0710963,791,31.99089772,728,878,150,86.59612297,87.5,261.8997885,262,-33.40387703,-32.5,228.4845607,229.5,28,2019-07-20,Autre,18,22.48181818181818,1.8750030303005814,4.111111111111111,1.1318329168362204,1.5555555555555556,1.542428269748795,0,0,0.5777777777777777,0.9710852361907849,0.6777777777777778,0.8314095441269359,0.005555555555555556,0.023570226039551587
521166,Low,796.0710963,791,31.99089772,728,878,150,86.59612297,87.5,261.8997885,262,-33.40387703,-32.5,228.4845607,229.5,28,2019-07-20,CulturePerm,1,NaN,NA,NaN,NA,NaN,NA,NaN,NA,NaN,NA,NaN,NA,NaN,NA
521166,Low,796.0710963,791,31.99089772,728,878,150,86.59612297,87.5,261.8997885,262,-33.40387703,-32.5,228.4845607,229.5,28,2019-07-20,ForetFeuillus,1,19.8,NA,4,NA,2,NA,2,NA,2,NA,5,NA,1,NA
521166,Low,796.0710963,791,31.99089772,728,878,150,86.59612297,87.5,261.8997885,262,-33.40387703,-32.5,228.4845607,229.5,28,2019-07-20,ForetMixe,2,14.8,NA,2.5,3.5355339059327378,3,2.8284271247461903,1.05,1.3435028842544403,0.55,0.6363961030678927,4.5,0.7071067811865476,1,0
521166,Low,796.0710963,791,31.99089772,728,878,150,86.59612297,87.5,261.8997885,262,-33.40387703,-32.5,228.4845607,229.5,28,2019-07-20,lisiere,1,NaN,NA,2,NA,2,NA,4,NA,1,NA,1,NA,0.1,NA
521166,Low,796.0710963,791,31.99089772,728,878,150,86.59612297,87.5,261.8997885,262,-33.40387703,-32.5,228.4845607,229.5,28,2019-07-20,transport,1,20.8,NA,5,NA,0,NA,0,NA,0,NA,0,NA,0,NA
521166,Low,796.0710963,791,31.99089772,728,878,150,86.59612297,87.5,261.8997885,262,-33.40387703,-32.5,228.4845607,229.5,28,2019-07-20,ZoneConstruite,1,NaN,NA,2,NA,2,NA,0,NA,2,NA,3,NA,0,NA
521174,Low,747.6990033,748,63.61527141,628,874,246,86.16627175,85.5,260.5602484,260.5,-33.27200067,-33.5,227.1662718,226.5,29,2019-07-29,Autre,3,19.833333333333332,1.379613472438324,4,0,2.6666666666666665,0.5773502691896257,0,0,0.4,0.5196152422706632,0.3333333333333333,0.5773502691896257,0.3333333333333333,0.5773502691896257
521174,Low,747.6990033,748,63.61527141,628,874,246,86.16627175,85.5,260.5602484,260.5,-33.27200067,-33.5,227.1662718,226.5,29,2019-07-29,CulturePerm,1,18,NA,4,NA,3,NA,0,NA,0,NA,0,NA,0.1,NA
521174,Low,747.6990033,748,63.61527141,628,874,246,86.16627175,85.5,260.5602484,260.5,-33.27200067,-33.5,227.1662718,226.5,29,2019-07-29,ForetConifere,4,15.725,1.099621146880446,0.275,0.4856267428111155,1.5,0.5773502691896257,2.75,0.5,1.75,0.9574271077563381,3.5,1.2909944487358056,2.25,0.9574271077563381
521174,Low,747.6990033,748,63.61527141,628,874,246,86.16627175,85.5,260.5602484,260.5,-33.27200067,-33.5,227.1662718,226.5,29,2019-07-29,ForetFeuillus,6,16.35,1.3262729734108283,1.1833333333333333,1.5879756505270055,0.8333333333333334,0.408248290463863,2.3333333333333335,0.5163977794943222,2.3333333333333335,0.816496580927726,3.3333333333333335,1.8618986725025255,1.6666666666666667,1.0327955589886444
521174,Low,747.6990033,748,63.61527141,628,874,246,86.16627175,85.5,260.5602484,260.5,-33.27200067,-33.5,227.1662718,226.5,29,2019-07-29,ForetMixe,6,15.466666666666667,0.8500980335624041,0.5166666666666667,1.217237309100681,0.7,0.7848566748139434,2,0.6324555320336759,2.1666666666666665,0.408248290463863,3.6666666666666665,1.505545305418162,2,0.6324555320336759
521174,Low,747.6990033,748,63.61527141,628,874,246,86.16627175,85.5,260.5602484,260.5,-33.27200067,-33.5,227.1662718,226.5,29,2019-07-29,lisiere,1,15.5,NA,1,NA,0,NA,3,NA,2,NA,3,NA,1,NA
521174,Low,747.6990033,748,63.61527141,628,874,246,86.16627175,85.5,260.5602484,260.5,-33.27200067,-33.5,227.1662718,226.5,29,2019-07-29,transport,2,18.75,0.9192388155425097,2.5,0.7071067811865476,2.5,0.7071067811865476,3,1.4142135623730951,2,0,0.55,0.6363961030678927,0.55,0.6363961030678927
521174,Low,747.6990033,748,63.61527141,628,874,246,86.16627175,85.5,260.5602484,260.5,-33.27200067,-33.5,227.1662718,226.5,29,2019-07-29,ZoneConstruite,1,18.5,NA,2,NA,5,NA,0,NA,0,NA,0,NA,0.1,NA
515166,Jura,1288.146325,1294,25.98983207,1174,1341,167,58.5,58.5,258,258,-59,-59,199,199,30,2019-07-25,Autre,7,NaN,NA,2.7142857142857144,0.9511897312113419,2.5714285714285716,0.9759000729485332,0.44285714285714284,0.7785823502947368,1.7142857142857142,0.7559289460184544,0.7142857142857143,0.7559289460184544,1.4428571428571428,0.7568732673685489
515166,Jura,1288.146325,1294,25.98983207,1174,1341,167,58.5,58.5,258,258,-59,-59,199,199,30,2019-07-25,ForetConifere,13,NaN,NA,0.8615384615384616,1.1317673947845626,2.1615384615384614,1.1280798298720276,2.0076923076923077,1.0649425168066886,1.9230769230769231,0.8623164985025763,2.8461538461538463,1.4051188470584879,1.8461538461538463,0.6887372317211945
515166,Jura,1288.146325,1294,25.98983207,1174,1341,167,58.5,58.5,258,258,-59,-59,199,199,30,2019-07-25,ForetMixe,1,NaN,NA,2,NA,3,NA,0,NA,2,NA,4,NA,1,NA
515166,Jura,1288.146325,1294,25.98983207,1174,1341,167,58.5,58.5,258,258,-59,-59,199,199,30,2019-07-25,lisiere,1,NaN,NA,0.1,NA,2,NA,1,NA,3,NA,4,NA,1,NA
515166,Jura,1288.146325,1294,25.98983207,1174,1341,167,58.5,58.5,258,258,-59,-59,199,199,30,2019-07-25,PrairieSeche,1,NaN,NA,5,NA,2,NA,0,NA,2,NA,1,NA,1,NA
515166,Jura,1288.146325,1294,25.98983207,1174,1341,167,58.5,58.5,258,258,-59,-59,199,199,30,2019-07-25,transport,1,NaN,NA,4,NA,2,NA,0,NA,2,NA,2,NA,1,NA
515166,Jura,1288.146325,1294,25.98983207,1174,1341,167,58.5,58.5,258,258,-59,-59,199,199,30,2019-07-25,ZoneConstruite,1,NaN,NA,3,NA,2,NA,0,NA,1,NA,0,NA,3,NA
515158,Jura,1123.067194,1135,120.3658431,828,1326,498,67.63312822,65,260.1937915,259.5,-51.38996511,-54,208.8622942,205.5,31,2019-08-27,Autre,1,17.5,NA,1,NA,3,NA,0.1,NA,2,NA,2,NA,0.1,NA
515158,Jura,1123.067194,1135,120.3658431,828,1326,498,67.63312822,65,260.1937915,259.5,-51.38996511,-54,208.8622942,205.5,31,2019-08-27,ForetConifere,6,13.616666666666667,0.4215052391924286,0.85,0.7314369419163897,1.5,0.5477225575051661,1.6666666666666667,0.816496580927726,2.1666666666666665,0.408248290463863,3.8333333333333335,0.752772652709081,2.6666666666666665,0.5163977794943222
515158,Jura,1123.067194,1135,120.3658431,828,1326,498,67.63312822,65,260.1937915,259.5,-51.38996511,-54,208.8622942,205.5,31,2019-08-27,ForetFeuillus,7,15.585714285714285,0.9388442743227291,1.1571428571428573,1.6651898218693095,0.8571428571428571,1.0690449676496976,0.8571428571428571,1.0690449676496976,2.142857142857143,0.6900655593423543,3.2857142857142856,1.6035674514745464,1,1
515158,Jura,1123.067194,1135,120.3658431,828,1326,498,67.63312822,65,260.1937915,259.5,-51.38996511,-54,208.8622942,205.5,31,2019-08-27,ForetMixe,9,16.011111111111113,1.9445079354713655,0.23333333333333334,0.43588989435406733,0.12222222222222222,0.33082388735465346,0.7777777777777778,1.2018504251546631,2.2222222222222223,1.3944333775567925,3.6666666666666665,1.6583123951777,0.5555555555555556,0.8819171036881969
515158,Jura,1123.067194,1135,120.3658431,828,1326,498,67.63312822,65,260.1937915,259.5,-51.38996511,-54,208.8622942,205.5,31,2019-08-27,lisiere,1,14.6,NA,2,NA,2,NA,4,NA,1,NA,3,NA,0.1,NA
515158,Jura,1123.067194,1135,120.3658431,828,1326,498,67.63312822,65,260.1937915,259.5,-51.38996511,-54,208.8622942,205.5,31,2019-08-27,transport,1,19.3,NA,5,NA,0,NA,0,NA,0,NA,0,NA,0,NA
521150,Low,509.8735099,508,11.99395103,489,550,61,104.5,104.5,266,266,-18,-18,247.5,247.5,32,2019-08-23,Autre,18,18.88888888888889,0.8188147020784798,3.3333333333333335,0.7669649888473704,3,0.9701425001453319,0,0,1.2944444444444445,1.3905023308237006,1.0055555555555555,1.1326555066444635,0.18888888888888888,0.37556058317398927
521150,Low,509.8735099,508,11.99395103,489,550,61,104.5,104.5,266,266,-18,-18,247.5,247.5,32,2019-08-23,CulturePerm,1,19.4,NA,4,NA,2,NA,0.1,NA,0,NA,0,NA,0,NA
521150,Low,509.8735099,508,11.99395103,489,550,61,104.5,104.5,266,266,-18,-18,247.5,247.5,32,2019-08-23,ForetFeuillus,1,16.9,NA,0,NA,0.1,NA,2,NA,4,NA,3,NA,1,NA
521150,Low,509.8735099,508,11.99395103,489,550,61,104.5,104.5,266,266,-18,-18,247.5,247.5,32,2019-08-23,Humide,1,18.8,NA,4,NA,3,NA,0,NA,1,NA,1,NA,0,NA
521150,Low,509.8735099,508,11.99395103,489,550,61,104.5,104.5,266,266,-18,-18,247.5,247.5,32,2019-08-23,lisiere,1,16.2,NA,3,NA,2,NA,3,NA,1,NA,3,NA,0.1,NA
521150,Low,509.8735099,508,11.99395103,489,550,61,104.5,104.5,266,266,-18,-18,247.5,247.5,32,2019-08-23,transport,1,18.8,NA,4,NA,2,NA,0.1,NA,0,NA,1,NA,0,NA
521150,Low,509.8735099,508,11.99395103,489,550,61,104.5,104.5,266,266,-18,-18,247.5,247.5,32,2019-08-23,ZoneConstruite,2,18.6,1.1313708498984745,3,0,3,0,0,0,1.5,0.7071067811865476,0,0,0.5,0.7071067811865476
509150,Low,909.3431373,912,24.64080325,846,965,119,80.75,80.5,261.5,261.5,-39,-39,222.75,222.5,33,2019-08-19,Autre,16,18.925,1.0207840124139875,3.8125,0.9810708435174292,2.25,1.4832396974191326,0.125,0.5,0.8375,1.089877668976355,0.2,0.3983298465677242,0.14375,0.33658827470169944
509150,Low,909.3431373,912,24.64080325,846,965,119,80.75,80.5,261.5,261.5,-39,-39,222.75,222.5,33,2019-08-19,Carriere,1,19,NA,2,NA,2,NA,1,NA,4,NA,1,NA,1,NA
509150,Low,909.3431373,912,24.64080325,846,965,119,80.75,80.5,261.5,261.5,-39,-39,222.75,222.5,33,2019-08-19,ForetConifere,1,16.3,NA,2,NA,3,NA,3,NA,3,NA,2,NA,1,NA
509150,Low,909.3431373,912,24.64080325,846,965,119,80.75,80.5,261.5,261.5,-39,-39,222.75,222.5,33,2019-08-19,ForetFeuillus,1,16.2,NA,1,NA,2,NA,4,NA,2,NA,3,NA,1,NA
509150,Low,909.3431373,912,24.64080325,846,965,119,80.75,80.5,261.5,261.5,-39,-39,222.75,222.5,33,2019-08-19,ForetMixe,1,15.7,NA,0.1,NA,3,NA,3,NA,2,NA,3,NA,2,NA
509150,Low,909.3431373,912,24.64080325,846,965,119,80.75,80.5,261.5,261.5,-39,-39,222.75,222.5,33,2019-08-19,Humide,1,18.5,NA,4,NA,3,NA,0,NA,0.1,NA,1,NA,1,NA
509150,Low,909.3431373,912,24.64080325,846,965,119,80.75,80.5,261.5,261.5,-39,-39,222.75,222.5,33,2019-08-19,lisiere,1,17.5,NA,3,NA,3,NA,3,NA,1,NA,0.1,NA,1,NA
509150,Low,909.3431373,912,24.64080325,846,965,119,80.75,80.5,261.5,261.5,-39,-39,222.75,222.5,33,2019-08-19,PrairieSeche,1,18.5,NA,2,NA,4,NA,0,NA,2,NA,1,NA,0.1,NA
509150,Low,909.3431373,912,24.64080325,846,965,119,80.75,80.5,261.5,261.5,-39,-39,222.75,222.5,33,2019-08-19,transport,1,19.2,NA,3,NA,3,NA,0,NA,1,NA,2,NA,1,NA
509150,Low,909.3431373,912,24.64080325,846,965,119,80.75,80.5,261.5,261.5,-39,-39,222.75,222.5,33,2019-08-19,ZoneConstruite,1,18.4,NA,5,NA,1,NA,0,NA,1,NA,0,NA,0,NA
503150,Jura,1275.360892,1275,25.03325228,1194,1343,149,59.5,59.5,259,259,-58.5,-58.5,199.5,199.5,34,2019-07-08,Autre,12,18.633333333333333,4.114689133660849,3.625,0.7440238091428449,3,0.7559289460184544,0.125,0.3535533905932738,0.4125,0.4882549100038392,0,0,0.275,0.44960299948160615
503150,Jura,1275.360892,1275,25.03325228,1194,1343,149,59.5,59.5,259,259,-58.5,-58.5,199.5,199.5,34,2019-07-08,ForetConifere,4,14.333333333333334,1.9857828011475307,0.1,0,2.25,0.5,2.25,0.5,1.5,0.5773502691896257,2.75,1.707825127659933,2,0.816496580927726
503150,Jura,1275.360892,1275,25.03325228,1194,1343,149,59.5,59.5,259,259,-58.5,-58.5,199.5,199.5,34,2019-07-08,ForetFeuillus,1,14.8,NA,1,NA,1,NA,2,NA,1,NA,4,NA,0.1,NA
503150,Jura,1275.360892,1275,25.03325228,1194,1343,149,59.5,59.5,259,259,-58.5,-58.5,199.5,199.5,34,2019-07-08,ForetMixe,1,19.7,NA,2,NA,3,NA,2,NA,2,NA,0,NA,1,NA
503150,Jura,1275.360892,1275,25.03325228,1194,1343,149,59.5,59.5,259,259,-58.5,-58.5,199.5,199.5,34,2019-07-08,Humide,1,NaN,NA,5,NA,0,NA,0,NA,0,NA,0,NA,0,NA
503150,Jura,1275.360892,1275,25.03325228,1194,1343,149,59.5,59.5,259,259,-58.5,-58.5,199.5,199.5,34,2019-07-08,lisiere,2,15.3,3.818376618407357,1.05,1.3435028842544403,3.5,0.7071067811865476,0.55,0.6363961030678927,1.5,0.7071067811865476,2,1.4142135623730951,0.55,0.6363961030678927
503150,Jura,1275.360892,1275,25.03325228,1194,1343,149,59.5,59.5,259,259,-58.5,-58.5,199.5,199.5,34,2019-07-08,PrairieSeche,2,16.549999999999997,1.9091883092036779,1.5,0.7071067811865476,4,0,0.1,0,1,0,0,0,1.5,0.7071067811865476
503150,Jura,1275.360892,1275,25.03325228,1194,1343,149,59.5,59.5,259,259,-58.5,-58.5,199.5,199.5,34,2019-07-08,transport,1,17.8,NA,1,NA,4,NA,0,NA,0.1,NA,0,NA,0.1,NA
503150,Jura,1275.360892,1275,25.03325228,1194,1343,149,59.5,59.5,259,259,-58.5,-58.5,199.5,199.5,34,2019-07-08,ZoneConstruite,1,20.6,NA,3,NA,3,NA,0,NA,2,NA,0,NA,1,NA
509158,Jura,1351.543379,1349,17.48633546,1314,1416,102,53.5,53.5,258,258,-63.5,-63.5,194,194,35,2019-07-05,Autre,14,18,2.8742892097940427,3.5,1.0190493307301363,2.857142857142857,0.6629935441317959,0.21428571428571427,0.5789342235218394,0.6857142857142857,0.8075196047700093,0.7214285714285714,1.4337570717033414,0.9571428571428572,1.0456608405245906
509158,Jura,1351.543379,1349,17.48633546,1314,1416,102,53.5,53.5,258,258,-63.5,-63.5,194,194,35,2019-07-05,ForetConifere,3,14,1.3999999999999997,3,1,4,0,1.3333333333333333,0.5773502691896257,0.4,0.5196152422706632,2,1,3.3333333333333335,1.5275252316519468
509158,Jura,1351.543379,1349,17.48633546,1314,1416,102,53.5,53.5,258,258,-63.5,-63.5,194,194,35,2019-07-05,lisiere,2,16.65,2.0506096654409895,2.5,0.7071067811865476,3,0,0.55,0.6363961030678927,1,0,0,0,2,1.4142135623730951
509158,Jura,1351.543379,1349,17.48633546,1314,1416,102,53.5,53.5,258,258,-63.5,-63.5,194,194,35,2019-07-05,PrairieSeche,4,18.325,4.203470788130527,3.25,1.2583057392117916,3.5,1.2909944487358056,0.25,0.5,1.775,1.212091855705114,1.05,1.9672315572906003,1.75,0.9574271077563381
509158,Jura,1351.543379,1349,17.48633546,1314,1416,102,53.5,53.5,258,258,-63.5,-63.5,194,194,35,2019-07-05,transport,1,16.2,NA,2,NA,1,NA,0,NA,4,NA,0,NA,0.1,NA
509158,Jura,1351.543379,1349,17.48633546,1314,1416,102,53.5,53.5,258,258,-63.5,-63.5,194,194,35,2019-07-05,ZoneConstruite,1,24.8,NA,3,NA,2,NA,0,NA,0.1,NA,0,NA,0,NA
509166,Jura,1120.233918,1121,16.43440087,1062,1168,106,67.5,67.5,258,258,-50,-50,208,208,36,2019-08-28,Autre,16,18.28125,1.1720174913370536,3.5625,0.8139410298049853,2.6875,0.9464847243000456,0.00625,0.025,1.25,0.5773502691896257,0.38125,0.6155959172487528,1.06875,0.9213893494789992
509166,Jura,1120.233918,1121,16.43440087,1062,1168,106,67.5,67.5,258,258,-50,-50,208,208,36,2019-08-28,ForetConifere,1,13.8,NA,0.1,NA,3,NA,1,NA,1,NA,3,NA,2,NA
509166,Jura,1120.233918,1121,16.43440087,1062,1168,106,67.5,67.5,258,258,-50,-50,208,208,36,2019-08-28,ForetFeuillus,2,14.15,0.21213203435596475,1,1.4142135623730951,2,1.4142135623730951,2.5,0.7071067811865476,2.5,0.7071067811865476,3.5,2.1213203435596424,2,0
509166,Jura,1120.233918,1121,16.43440087,1062,1168,106,67.5,67.5,258,258,-50,-50,208,208,36,2019-08-28,ForetMixe,2,14.2,0.2828427124746193,0.05,0.07071067811865477,0.55,0.6363961030678927,3.5,2.1213203435596424,1.5,0.7071067811865476,4.5,0.7071067811865476,1.5,0.7071067811865476
509166,Jura,1120.233918,1121,16.43440087,1062,1168,106,67.5,67.5,258,258,-50,-50,208,208,36,2019-08-28,lisiere,1,15.8,NA,2,NA,3,NA,1,NA,2,NA,3,NA,2,NA
509166,Jura,1120.233918,1121,16.43440087,1062,1168,106,67.5,67.5,258,258,-50,-50,208,208,36,2019-08-28,marais,1,15.6,NA,3,NA,4,NA,0.1,NA,0,NA,1,NA,0.1,NA
509166,Jura,1120.233918,1121,16.43440087,1062,1168,106,67.5,67.5,258,258,-50,-50,208,208,36,2019-08-28,transport,1,14.6,NA,2,NA,3,NA,1,NA,0.1,NA,0.1,NA,3,NA
509166,Jura,1120.233918,1121,16.43440087,1062,1168,106,67.5,67.5,258,258,-50,-50,208,208,36,2019-08-28,ZoneConstruite,1,15.8,NA,4,NA,2,NA,1,NA,3,NA,0,NA,2,NA
503158,Jura,1082.136601,1053,56.15822913,1014,1192,178,69.83488572,68,258.839554,258,-48.16005364,-50,210.6744397,208,37,2019-08-29,Autre,10,18.53,1.2046668511344631,3.8,0.7888106377466155,3,0.6666666666666666,0.21,0.6297265720577111,1.51,0.8305955025696256,0.5,0.7071067811865476,0.42,0.6876691711054734
503158,Jura,1082.136601,1053,56.15822913,1014,1192,178,69.83488572,68,258.839554,258,-48.16005364,-50,210.6744397,208,37,2019-08-29,ForetConifere,1,13.6,NA,0,NA,0.1,NA,0,NA,1,NA,4,NA,3,NA
503158,Jura,1082.136601,1053,56.15822913,1014,1192,178,69.83488572,68,258.839554,258,-48.16005364,-50,210.6744397,208,37,2019-08-29,ForetFeuillus,3,15.533333333333333,0.2516611478423584,0.03333333333333333,0.05773502691896258,1.3666666666666667,1.096965511460289,1.6666666666666667,0.5773502691896257,2,0,4.333333333333333,0.5773502691896257,2.3333333333333335,0.5773502691896257
503158,Jura,1082.136601,1053,56.15822913,1014,1192,178,69.83488572,68,258.839554,258,-48.16005364,-50,210.6744397,208,37,2019-08-29,ForetMixe,2,16.05,0.7778174593052033,0.1,0,0.55,0.6363961030678927,1.5,0.7071067811865476,2,0,4.5,0.7071067811865476,2.5,0.7071067811865476
503158,Jura,1082.136601,1053,56.15822913,1014,1192,178,69.83488572,68,258.839554,258,-48.16005364,-50,210.6744397,208,37,2019-08-29,Graviere,1,20.2,NA,3,NA,4,NA,0,NA,2,NA,1,NA,0.1,NA
503158,Jura,1082.136601,1053,56.15822913,1014,1192,178,69.83488572,68,258.839554,258,-48.16005364,-50,210.6744397,208,37,2019-08-29,lisiere,2,18.35,1.3435028842544419,2,1.4142135623730951,2.5,0.7071067811865476,2.5,0.7071067811865476,2,1.4142135623730951,1.5,0.7071067811865476,2,1.4142135623730951
503158,Jura,1082.136601,1053,56.15822913,1014,1192,178,69.83488572,68,258.839554,258,-48.16005364,-50,210.6744397,208,37,2019-08-29,marais,3,16.833333333333332,3.137408697210698,3.6666666666666665,0.5773502691896257,2.6666666666666665,1.1547005383792515,1.3333333333333333,1.1547005383792515,0,0,0.3666666666666667,0.5507570547286103,1,1
503158,Jura,1082.136601,1053,56.15822913,1014,1192,178,69.83488572,68,258.839554,258,-48.16005364,-50,210.6744397,208,37,2019-08-29,transport,1,17.8,NA,3,NA,4,NA,0.1,NA,0,NA,1,NA,2,NA
503158,Jura,1082.136601,1053,56.15822913,1014,1192,178,69.83488572,68,258.839554,258,-48.16005364,-50,210.6744397,208,37,2019-08-29,zalluviale,1,19.7,NA,4,NA,3,NA,1,NA,2,NA,0,NA,1,NA
503158,Jura,1082.136601,1053,56.15822913,1014,1192,178,69.83488572,68,258.839554,258,-48.16005364,-50,210.6744397,208,37,2019-08-29,ZoneConstruite,1,18,NA,5,NA,2,NA,0,NA,1,NA,0,NA,0,NA
503142,Low,627.154911,622,26.27536093,582,706,124,97,97,263.5,263.5,-23.5,-23.5,240,240,38,2019-08-17,Autre,1,19.4,NA,5,NA,4,NA,0,NA,0,NA,0.1,NA,4,NA
503142,Low,627.154911,622,26.27536093,582,706,124,97,97,263.5,263.5,-23.5,-23.5,240,240,38,2019-08-17,ForetConifere,4,16.6,0.9660917830792959,0.525,0.55,1.55,1.862793601019716,1.75,1.5,1.75,0.9574271077563381,4.25,0.9574271077563381,2.5,1.7320508075688772
503142,Low,627.154911,622,26.27536093,582,706,124,97,97,263.5,263.5,-23.5,-23.5,240,240,38,2019-08-17,ForetFeuillus,11,16.663636363636364,0.540874712429278,0.9454545454545454,1.2730778737874886,1.7636363636363637,1.6378478117778386,2.090909090909091,1.3751033019046572,2.6363636363636362,1.1200649331826502,4.181818181818182,1.0787197799411874,1.3818181818181818,1.0008178473810125
503142,Low,627.154911,622,26.27536093,582,706,124,97,97,263.5,263.5,-23.5,-23.5,240,240,38,2019-08-17,ForetMixe,5,16.14,0.5458937625582472,1.6,2.073644135332772,2.8,1.3038404810405297,1.02,0.9757048734120374,2.8,1.7888543819998317,4.02,2.191346617949794,2.4,0.8944271909999159
503142,Low,627.154911,622,26.27536093,582,706,124,97,97,263.5,263.5,-23.5,-23.5,240,240,38,2019-08-17,Graviere,1,18.6,NA,3,NA,4,NA,1,NA,0,NA,1,NA,0.1,NA
503142,Low,627.154911,622,26.27536093,582,706,124,97,97,263.5,263.5,-23.5,-23.5,240,240,38,2019-08-17,lisiere,1,17.8,NA,4,NA,2,NA,3,NA,1,NA,2,NA,0.1,NA
503142,Low,627.154911,622,26.27536093,582,706,124,97,97,263.5,263.5,-23.5,-23.5,240,240,38,2019-08-17,transport,1,25.8,NA,2,NA,4,NA,0,NA,2,NA,1,NA,0.1,NA
503142,Low,627.154911,622,26.27536093,582,706,124,97,97,263.5,263.5,-23.5,-23.5,240,240,38,2019-08-17,ZoneConstruite,1,17.9,NA,5,NA,1,NA,0,NA,0,NA,2,NA,2,NA
497142,Jura,1504.497002,1466,77.06062936,1398,1709,311,46.78587707,46,257.2672338,257,-70.522107020000007,-71.5,186.9527678,186,39,2019-08-16,Autre,10,14.05,0.8168367169895228,4,0.9428090415820634,1.7,1.3374935098492586,0.2,0.4216370213557839,1.7,1.2516655570345725,0.1,0.31622776601683794,1.1,0.5676462121975467
497142,Jura,1504.497002,1466,77.06062936,1398,1709,311,46.78587707,46,257.2672338,257,-70.522107020000007,-71.5,186.9527678,186,39,2019-08-16,ForetConifere,1,10.5,NA,0,NA,0,NA,0,NA,1,NA,5,NA,0,NA
497142,Jura,1504.497002,1466,77.06062936,1398,1709,311,46.78587707,46,257.2672338,257,-70.522107020000007,-71.5,186.9527678,186,39,2019-08-16,ForetFeuillus,1,8.8,NA,0,NA,0,NA,0,NA,1,NA,5,NA,1,NA
497142,Jura,1504.497002,1466,77.06062936,1398,1709,311,46.78587707,46,257.2672338,257,-70.522107020000007,-71.5,186.9527678,186,39,2019-08-16,ForetMixe,1,10.7,NA,0,NA,0,NA,0,NA,1,NA,5,NA,0,NA
497142,Jura,1504.497002,1466,77.06062936,1398,1709,311,46.78587707,46,257.2672338,257,-70.522107020000007,-71.5,186.9527678,186,39,2019-08-16,lisiere,1,11.5,NA,3,NA,3,NA,2,NA,2,NA,0,NA,1,NA
497142,Jura,1504.497002,1466,77.06062936,1398,1709,311,46.78587707,46,257.2672338,257,-70.522107020000007,-71.5,186.9527678,186,39,2019-08-16,pierrier,1,14.6,NA,0,NA,1,NA,1,NA,5,NA,0.1,NA,1,NA
497142,Jura,1504.497002,1466,77.06062936,1398,1709,311,46.78587707,46,257.2672338,257,-70.522107020000007,-71.5,186.9527678,186,39,2019-08-16,PrairieSeche,8,14.35,0.9411239481143204,3.375,0.9161253813129043,2.875,1.4577379737113252,0.375,0.7440238091428449,1.7625,1.2625795590207942,1.25,1.0350983390135313,0.3125,0.42573465914816
497142,Jura,1504.497002,1466,77.06062936,1398,1709,311,46.78587707,46,257.2672338,257,-70.522107020000007,-71.5,186.9527678,186,39,2019-08-16,transport,1,13.1,NA,5,NA,0,NA,0,NA,0,NA,0,NA,1,NA
497142,Jura,1504.497002,1466,77.06062936,1398,1709,311,46.78587707,46,257.2672338,257,-70.522107020000007,-71.5,186.9527678,186,39,2019-08-16,ZoneConstruite,1,13.5,NA,5,NA,0,NA,0,NA,0,NA,0,NA,1,NA
57281298,Alps,1886.062581,1878,66.29249513,1746,2027,281,27,27,267,267,-97,-97,170,170,40,2019-08-31,Autre,15,12.799999999999999,1.932614809008769,2.8,0.8618916073713346,3.2666666666666666,0.7037315505489968,0.7533333333333333,0.7799877898922215,2.066666666666667,0.45773770821706344,1.0066666666666666,0.9184355227906909,1.4866666666666666,1.0308572484426088
57281298,Alps,1886.062581,1878,66.29249513,1746,2027,281,27,27,267,267,-97,-97,170,170,40,2019-08-31,ForetConifere,1,NaN,NA,2,NA,2,NA,3,NA,3,NA,3,NA,2,NA
57281298,Alps,1886.062581,1878,66.29249513,1746,2027,281,27,27,267,267,-97,-97,170,170,40,2019-08-31,Humide,1,NaN,NA,5,NA,2,NA,0,NA,1,NA,0,NA,0.1,NA
57281298,Alps,1886.062581,1878,66.29249513,1746,2027,281,27,27,267,267,-97,-97,170,170,40,2019-08-31,lisiere,3,14.2,NA,2,1,2.6666666666666665,1.5275252316519468,2,1,2,1,1.6666666666666667,0.5773502691896257,2,1
57281298,Alps,1886.062581,1878,66.29249513,1746,2027,281,27,27,267,267,-97,-97,170,170,40,2019-08-31,pierrier,1,16,NA,2,NA,1,NA,0,NA,4,NA,0,NA,3,NA
57281298,Alps,1886.062581,1878,66.29249513,1746,2027,281,27,27,267,267,-97,-97,170,170,40,2019-08-31,PrairieSeche,1,NaN,NA,4,NA,3,NA,0.1,NA,1,NA,1,NA,0.1,NA
57281298,Alps,1886.062581,1878,66.29249513,1746,2027,281,27,27,267,267,-97,-97,170,170,40,2019-08-31,transport,1,NaN,NA,2,NA,4,NA,0,NA,3,NA,0.1,NA,0.1,NA
57281298,Alps,1886.062581,1878,66.29249513,1746,2027,281,27,27,267,267,-97,-97,170,170,40,2019-08-31,ZoneConstruite,1,NaN,NA,2,NA,5,NA,0,NA,1,NA,0.1,NA,0,NA
57201203,Alps,1880.315345,1855,182.8106172,1557,2250,693,23.5,23.5,268,268,-100.5,-100.5,167.5,167.5,41,2019-07-17,Autre,11,12.754545454545454,1.8272184523825474,2.909090909090909,0.7006490497453707,3.272727272727273,0.7862453931068965,0.9363636363636364,1.0190905036087101,1.7454545454545454,1.2452820053013183,0.9272727272727272,0.6754123319734532,0.7727272727272727,0.7403930160271761
57201203,Alps,1880.315345,1855,182.8106172,1557,2250,693,23.5,23.5,268,268,-100.5,-100.5,167.5,167.5,41,2019-07-17,ForetConifere,2,11.25,6.293250352560273,1.5,0.7071067811865476,2.5,0.7071067811865476,3,0,3,0,1.5,0.7071067811865476,2,0
57201203,Alps,1880.315345,1855,182.8106172,1557,2250,693,23.5,23.5,268,268,-100.5,-100.5,167.5,167.5,41,2019-07-17,ForetMixe,1,9.8,NA,1,NA,2,NA,5,NA,1,NA,5,NA,2,NA
57201203,Alps,1880.315345,1855,182.8106172,1557,2250,693,23.5,23.5,268,268,-100.5,-100.5,167.5,167.5,41,2019-07-17,lisiere,5,11.56,0.9396807968666807,3,0.7071067811865476,2.8,0.8366600265340756,1.6,1.140175425099138,2,1.4142135623730951,0.82,0.40249223594996214,1.02,0.6723094525588644
57201203,Alps,1880.315345,1855,182.8106172,1557,2250,693,23.5,23.5,268,268,-100.5,-100.5,167.5,167.5,41,2019-07-17,pierrier,1,11.8,NA,2,NA,2,NA,3,NA,3,NA,1,NA,0.1,NA
57201203,Alps,1880.315345,1855,182.8106172,1557,2250,693,23.5,23.5,268,268,-100.5,-100.5,167.5,167.5,41,2019-07-17,PrairieSeche,2,14.05,1.7677669529663689,3,0,2.5,0.7071067811865476,1,1.4142135623730951,1.5,0.7071067811865476,0.05,0.07071067811865477,0.5,0.7071067811865476
57201203,Alps,1880.315345,1855,182.8106172,1557,2250,693,23.5,23.5,268,268,-100.5,-100.5,167.5,167.5,41,2019-07-17,transport,1,11.7,NA,3,NA,2,NA,1,NA,1,NA,0,NA,0.1,NA
57781263,Alps,1859.580834,1873,68.67552848,1671,2072,401,21.5,21.5,267.5,267.5,-102.5,-102.5,165,165,42,2019-08-05,Autre,7,16.357142857142858,1.1900380145988936,2.7142857142857144,1.1126972805283737,2.857142857142857,1.2149857925879117,1.2857142857142858,1.7043362064926932,1.3,1.3650396819628847,0.18571428571428572,0.3625307868699863,0.9,0.8524474568362947
57781263,Alps,1859.580834,1873,68.67552848,1671,2072,401,21.5,21.5,267.5,267.5,-102.5,-102.5,165,165,42,2019-08-05,Humide,1,14.3,NA,1,NA,5,NA,0,NA,0,NA,1,NA,0,NA
57781263,Alps,1859.580834,1873,68.67552848,1671,2072,401,21.5,21.5,267.5,267.5,-102.5,-102.5,165,165,42,2019-08-05,lisiere,2,12.850000000000001,0.7778174593052021,2,1.4142135623730951,3,1.4142135623730951,1,1.4142135623730951,3,1.4142135623730951,0.05,0.07071067811865477,0.55,0.6363961030678927
57781263,Alps,1859.580834,1873,68.67552848,1671,2072,401,21.5,21.5,267.5,267.5,-102.5,-102.5,165,165,42,2019-08-05,pierrier,7,16.47142857142857,2.0393743204835206,1,0.816496580927726,2,0.5773502691896257,1.1428571428571428,1.0690449676496976,4.428571428571429,0.5345224838248488,0.17142857142857143,0.3683941988065036,0.3,0.47958315233127197
57781263,Alps,1859.580834,1873,68.67552848,1671,2072,401,21.5,21.5,267.5,267.5,-102.5,-102.5,165,165,42,2019-08-05,PrairieSeche,5,15.86,1.2095453691366855,3.8,0.44721359549995793,3,0.7071067811865476,0.62,1.331164903383499,1.42,0.8555699854482975,0.22,0.4381780460041329,1.2,0.8366600265340756
57781263,Alps,1859.580834,1873,68.67552848,1671,2072,401,21.5,21.5,267.5,267.5,-102.5,-102.5,165,165,42,2019-08-05,transport,1,17.1,NA,2,NA,3,NA,0,NA,4,NA,0.1,NA,0.1,NA
57781263,Alps,1859.580834,1873,68.67552848,1671,2072,401,21.5,21.5,267.5,267.5,-102.5,-102.5,165,165,42,2019-08-05,ZoneConstruite,1,16.6,NA,3,NA,4,NA,0,NA,1,NA,1,NA,1,NA
57711503,Alps,1759.432705,1766,116.4568231,1411,1990,579,32,32,264.5,264.5,-90,-90,174.5,174.5,43,2019-07-09,Autre,10,21.169999999999998,4.065587288449234,3.6,1.1737877907772674,3.1,0.7378647873726218,0.6,0.9660917830792959,1.61,0.8225299724359931,0.8,0.9189365834726815,0.31,0.6707375708046247
57711503,Alps,1759.432705,1766,116.4568231,1411,1990,579,32,32,264.5,264.5,-90,-90,174.5,174.5,43,2019-07-09,ForetConifere,1,17.3,NA,1,NA,2,NA,3,NA,1,NA,5,NA,0.1,NA
57711503,Alps,1759.432705,1766,116.4568231,1411,1990,579,32,32,264.5,264.5,-90,-90,174.5,174.5,43,2019-07-09,ForetFeuillus,1,18.1,NA,2,NA,1,NA,5,NA,1,NA,5,NA,0.1,NA
57711503,Alps,1759.432705,1766,116.4568231,1411,1990,579,32,32,264.5,264.5,-90,-90,174.5,174.5,43,2019-07-09,ForetMixe,1,15.8,NA,0.1,NA,1,NA,0,NA,2,NA,5,NA,1,NA
57711503,Alps,1759.432705,1766,116.4568231,1411,1990,579,32,32,264.5,264.5,-90,-90,174.5,174.5,43,2019-07-09,lisiere,1,19.4,NA,2,NA,2,NA,2,NA,1,NA,2,NA,0,NA
57711503,Alps,1759.432705,1766,116.4568231,1411,1990,579,32,32,264.5,264.5,-90,-90,174.5,174.5,43,2019-07-09,pierrier,2,21.85,0.7778174593052007,1.5,2.1213203435596424,2,0,1.5,2.1213203435596424,4,1.4142135623730951,1,1.4142135623730951,1.5,2.1213203435596424
57711503,Alps,1759.432705,1766,116.4568231,1411,1990,579,32,32,264.5,264.5,-90,-90,174.5,174.5,43,2019-07-09,PrairieSeche,5,19.560000000000002,4.6257972285866575,3.2,0.44721359549995793,3.8,0.8366600265340756,0.24,0.42778499272414877,1.6,0.5477225575051661,1.2,1.3038404810405297,0.02,0.044721359549995794
57711503,Alps,1759.432705,1766,116.4568231,1411,1990,579,32,32,264.5,264.5,-90,-90,174.5,174.5,43,2019-07-09,transport,1,20.1,NA,2,NA,2,NA,1,NA,3,NA,1,NA,1,NA
57711503,Alps,1759.432705,1766,116.4568231,1411,1990,579,32,32,264.5,264.5,-90,-90,174.5,174.5,43,2019-07-09,ZoneConstruite,1,23.3,NA,2,NA,1,NA,0,NA,4,NA,0,NA,0,NA
58041300,Alps,2065.408367,2065,186.2608052,1623,2577,954,7.5,7.5,265,265,-115.5,-115.5,150,150,44,2019-07-11,Autre,9,14.285714285714285,3.166716791583238,4.285714285714286,1.1126972805283737,2.4285714285714284,0.7867957924694432,0.7285714285714285,1.2446074156325837,1.7142857142857142,0.9511897312113419,0.8571428571428571,0.8997354108424374,0.1,0
58041300,Alps,2065.408367,2065,186.2608052,1623,2577,954,7.5,7.5,265,265,-115.5,-115.5,150,150,44,2019-07-11,lisiere,2,14.950000000000001,5.161879502661797,2.5,2.1213203435596424,2,1.4142135623730951,0,0,3.5,2.1213203435596424,0,0,0.1,0
58041300,Alps,2065.408367,2065,186.2608052,1623,2577,954,7.5,7.5,265,265,-115.5,-115.5,150,150,44,2019-07-11,pierrier,9,17.485714285714288,2.1404271936761994,0.5857142857142857,0.517779140266618,1.4285714285714286,0.5345224838248488,0.8857142857142857,1.1922367933546472,4.714285714285714,0.4879500364742666,0.18571428571428572,0.3625307868699863,0.4857142857142857,0.4810702354423639
