BDMCORRECTED,PLOTCORRECTED,TUBECORRECTED,GENUSID,SPECISID,TUBE,BDM,Habitat,HabitatName
527182,230104,9990378,Myrmica,Myrm_scab,9990378,527182,01,Autre
527182,230108,9990380,Myrmica,Myrm_scab,9990380,527182,01,Autre
527182,230108,9991543,Serviformica,NA,9991543,527182,01,Autre
527182,230108,9990366,Serviformica,NA,9990366,527182,01,Autre
527182,230110,9990309,Lasius,NA,9990309,527182,01,Autre
527182,230111,9990915,Formica,Form_lugubris/paralugubris,9990915,527182,01,Autre
527182,230111,9990042,Myrmica,Myrm_lobu,9990042,527182,01,Autre
527182,230112,9990733,Myrmica,Myrm_scab,9990733,527182,01,Autre
527182,230503,9991140,Temnothorax,NA,9991140,527182,05,ForetFeuillus
527182,230503,9991113,Formica,fusca/lemani,9991113,527182,05,ForetFeuillus
527182,230503,9990720,Formica,Form_lema,9990720,527182,05,ForetFeuillus
527182,231301,9990369,Serviformica,NA,9990369,527182,13,transport
527182,231501,9990088,Lasius,Lasi_flav,9990088,527182,15,ZoneConstruite
527182,230100,9990960,Coptoformica,NA,9990960,527182,01,Autre
527182,230100,9990288,Coptoformica,NA,9990288,527182,01,Autre
527182,230100,9990361,Coptoformica,NA,9990361,527182,01,Autre
527182,230100,9990768,Coptoformica,NA,9990768,527182,01,Autre
527182,230100,9990323,Coptoformica,NA,9990323,527182,01,Autre
527182,230100,9991575,Coptoformica,NA,9991575,527182,01,Autre
527182,230100,9990346,Coptoformica,NA,9990346,527182,01,Autre
527182,230100,9990373,Coptoformica,NA,9990373,527182,01,Autre
527182,230100,9990292,Coptoformica,NA,9990292,527182,01,Autre
527182,230100,9991538,Coptoformica,NA,9991538,527182,01,Autre
527182,230100,9990335,Coptoformica,NA,9990335,527182,01,Autre
527182,230100,9990315,Lasius,Lasi_flav,9990315,527182,01,Autre
527182,230100,9990270,Lasius,Lasi_flav,9990270,527182,01,Autre
527182,230100,9991558,Lasius,Lasi_flav,9991558,527182,01,Autre
497142,390101,9992694,Myrmica,NA,9992694,497142,01,Autre
497142,390102,9990566,Formica,Form_lema,9990566,497142,01,Autre
497142,390106,9990996,Formica,Form_lema,9990996,497142,01,Autre
497142,390107,9991089,Coptoformica,NA,9991089,497142,01,Autre
497142,390107,9990958,Formica,Form_lema,9990958,497142,01,Autre
497142,390107,9991928,Coptoformica,NA,9991928,497142,01,Autre
497142,390107,9990999,Formica,Form_lema,9990999,497142,01,Autre
497142,390107,9990885,Coptoformica,NA,9990885,497142,01,Autre
497142,390108,9991066,Myrmica,NA,9991066,497142,01,Autre
497142,390108,9992717,Myrmica,NA,9992717,497142,01,Autre
497142,390109,9990523,Coptoformica,NA,9990523,497142,01,Autre
497142,390110,9990711,Formica,Form_lema,9990711,497142,01,Autre
497142,390110,9990806,Coptoformica,NA,9990806,497142,01,Autre
497142,390110,9991902,Formica,Form_lema,9991902,497142,01,Autre
497142,390901,9993277,Formica,Form_prat,9993277,497142,09,lisiere
497142,391101,9991697,Tetramorium,NA,9991697,497142,11,pierrier
497142,391201,9991077,Temnothorax,NA,9991077,497142,12,PrairieSeche
497142,391201,9991827,Formica,Form_lema,9991827,497142,12,PrairieSeche
497142,391202,9991665,Coptoformica,NA,9991665,497142,12,PrairieSeche
497142,391202,9991645,Coptoformica,NA,9991645,497142,12,PrairieSeche
497142,391203,9991866,Formica,Form_lema,9991866,497142,12,PrairieSeche
497142,391205,9991194,Manica,Mani_rubi,9991194,497142,12,PrairieSeche
497142,391206,9991139,Myrmica,NA,9991139,497142,12,PrairieSeche
497142,391208,9990734,Myrmica,Myrm_rugi,9990734,497142,12,PrairieSeche
497142,391301,9990688,Myrmica,NA,9990688,497142,13,transport
497142,391301,9990340,Formica,fusca/lemani,9990340,497142,13,transport
497142,391501,9991704,Coptoformica,NA,9991704,497142,15,ZoneConstruite
497142,390100,9990790,Coptoformica,NA,9990790,497142,01,Autre
497142,390100,9993113,Coptoformica,NA,9993113,497142,01,Autre
497142,390100,9992322,Coptoformica,NA,9992322,497142,01,Autre
497142,390100,9992128,Coptoformica,NA,9992128,497142,01,Autre
497142,390100,9992313,Coptoformica,NA,9992313,497142,01,Autre
497142,390100,9990301,Coptoformica,NA,9990301,497142,01,Autre
497142,390100,9991106,Coptoformica,NA,9991106,497142,01,Autre
497142,390100,9990172,Coptoformica,NA,9990172,497142,01,Autre
497142,390100,9993281,Coptoformica,NA,9993281,497142,01,Autre
497142,390100,9991080,Coptoformica,NA,9991080,497142,01,Autre
497142,390100,9991127,Coptoformica,NA,9991127,497142,01,Autre
497142,390100,9992343,Coptoformica,NA,9992343,497142,01,Autre
497142,390100,9991116,Coptoformica,NA,9991116,497142,01,Autre
497142,390100,9991143,Coptoformica,NA,9991143,497142,01,Autre
497142,390100,9993117,Coptoformica,NA,9993117,497142,01,Autre
497142,390100,9990918,Coptoformica,NA,9990918,497142,01,Autre
497142,390100,9991922,Coptoformica,NA,9991922,497142,01,Autre
497142,390100,9991132,Coptoformica,NA,9991132,497142,01,Autre
497142,390100,9992155,Coptoformica,NA,9992155,497142,01,Autre
497142,390100,9991150,Coptoformica,NA,9991150,497142,01,Autre
497142,390100,9991135,Coptoformica,NA,9991135,497142,01,Autre
497142,390100,9990076,Coptoformica,NA,9990076,497142,01,Autre
497142,390400,9990959,Formica,Form_prat,9990959,497142,04,ForetConifere
497142,390400,9990555,Formica,Form_prat,9990555,497142,04,ForetConifere
497142,391200,9990521,Coptoformica,NA,9990521,497142,12,PrairieSeche
497142,391200,9991726,Coptoformica,NA,9991726,497142,12,PrairieSeche
497142,391200,9991463,Coptoformica,NA,9991463,497142,12,PrairieSeche
497142,391200,9990895,Coptoformica,NA,9990895,497142,12,PrairieSeche
497142,391200,9991770,Coptoformica,NA,9991770,497142,12,PrairieSeche
497142,391200,9990893,Coptoformica,NA,9990893,497142,12,PrairieSeche
497142,391200,9990900,Coptoformica,NA,9990900,497142,12,PrairieSeche
497142,391200,9992730,Coptoformica,NA,9992730,497142,12,PrairieSeche
497142,391200,9991691,Coptoformica,NA,9991691,497142,12,PrairieSeche
497142,391200,9990557,Coptoformica,NA,9990557,497142,12,PrairieSeche
497142,391200,9990753,Coptoformica,NA,9990753,497142,12,PrairieSeche
497142,391200,9991138,Coptoformica,NA,9991138,497142,12,PrairieSeche
497142,391200,9991095,Coptoformica,NA,9991095,497142,12,PrairieSeche
497142,391200,9990516,Coptoformica,NA,9990516,497142,12,PrairieSeche
497142,391200,9991644,Coptoformica,NA,9991644,497142,12,PrairieSeche
497142,391200,9992723,Coptoformica,NA,9992723,497142,12,PrairieSeche
497142,391200,9991109,Coptoformica,NA,9991109,497142,12,PrairieSeche
497142,391200,9993308,Coptoformica,NA,9993308,497142,12,PrairieSeche
497142,391200,9990050,Coptoformica,NA,9990050,497142,12,PrairieSeche
497142,391200,9991897,Coptoformica,NA,9991897,497142,12,PrairieSeche
497142,391200,9991293,Coptoformica,NA,9991293,497142,12,PrairieSeche
497142,391200,9991947,Coptoformica,NA,9991947,497142,12,PrairieSeche
497142,391200,9990704,Formica,Form_cuni,9990704,497142,12,PrairieSeche
497142,391200,9992713,Coptoformica,NA,9992713,497142,12,PrairieSeche
497142,391200,9990910,Coptoformica,NA,9990910,497142,12,PrairieSeche
497142,391200,9992734,Coptoformica,NA,9992734,497142,12,PrairieSeche
497142,391200,9991471,Coptoformica,NA,9991471,497142,12,PrairieSeche
497142,391200,9991059,Coptoformica,NA,9991059,497142,12,PrairieSeche
503142,380101,9991453,Temnothorax,NA,9991453,503142,01,Autre
503142,380101,9990981,Solenopsis,Sole_fuga,9990981,503142,01,Autre
503142,380101,9990872,Myrmica,Myrm_sabu,9990872,503142,01,Autre
503142,380101,9990494,Lasius,Lasi_nige,9990494,503142,01,Autre
503142,380101,9990489,Lasius,Lasi_nige,9990489,503142,01,Autre
503142,380402,9990810,Temnothorax,NA,9990810,503142,04,ForetConifere
503142,380402,9990809,Temnothorax,NA,9990809,503142,04,ForetConifere
503142,380403,9990983,Formica SS,NA,9990983,503142,04,ForetConifere
503142,380403,9991169,Temnothorax,NA,9991169,503142,04,ForetConifere
503142,380403,9991488,Temnothorax,NA,9991488,503142,04,ForetConifere
503142,380403,9992688,Temnothorax,NA,9992688,503142,04,ForetConifere
503142,380404,9992327,Temnothorax,NA,9992327,503142,04,ForetConifere
503142,380404,9992695,Temnothorax,NA,9992695,503142,04,ForetConifere
503142,380501,9990799,Temnothorax,NA,9990799,503142,05,ForetFeuillus
503142,380501,9991755,Temnothorax,NA,9991755,503142,05,ForetFeuillus
503142,380501,9991173,Myrmica,Myrm_rugi,9991173,503142,05,ForetFeuillus
503142,380502,9991713,Lasius,Lasi_plat,9991713,503142,05,ForetFeuillus
503142,380503,9991531,Temnothorax,NA,9991531,503142,05,ForetFeuillus
503142,380504,9992920,Temnothorax,NA,9992920,503142,05,ForetFeuillus
503142,380505,9990512,Formica,Form_rufa,9990512,503142,05,ForetFeuillus
503142,380505,9990737,Temnothorax,NA,9990737,503142,05,ForetFeuillus
503142,380505,9991967,Formica,Form_fusca,9991967,503142,05,ForetFeuillus
503142,380506,9990581,Yellow Lasius,NA,9990581,503142,05,ForetFeuillus
503142,380506,9990982,Yellow Lasius,NA,9990982,503142,05,ForetFeuillus
503142,380509,9991717,Temnothorax,NA,9991717,503142,05,ForetFeuillus
503142,380509,9992333,Temnothorax,NA,9992333,503142,05,ForetFeuillus
503142,380509,9991382,Temnothorax,NA,9991382,503142,05,ForetFeuillus
503142,380510,9993087,Temnothorax,NA,9993087,503142,05,ForetFeuillus
503142,380510,9991073,Temnothorax,NA,9991073,503142,05,ForetFeuillus
503142,380510,9990747,Temnothorax,NA,9990747,503142,05,ForetFeuillus
503142,380511,9991745,Lasius,Lasi_plat,9991745,503142,05,ForetFeuillus
503142,380601,9990696,Yellow Lasius,NA,9990696,503142,06,ForetMixe
503142,380601,9991712,Lasius,Lasi_nige,9991712,503142,06,ForetMixe
503142,380601,9992124,Lasius,Lasi_nige,9992124,503142,06,ForetMixe
503142,380602,9990988,Temnothorax,NA,9990988,503142,06,ForetMixe
503142,380602,9992345,Temnothorax,NA,9992345,503142,06,ForetMixe
503142,380603,9990409,Temnothorax,NA,9990409,503142,06,ForetMixe
503142,380603,9990882,Myrmecina,Myrme_gram,9990882,503142,06,ForetMixe
503142,380603,9991315,Myrmica,Myrm_rugi,9991315,503142,06,ForetMixe
503142,380605,9990701,Temnothorax,NA,9990701,503142,06,ForetMixe
503142,380605,9991911,Myrmecina,Myrme_gram,9991911,503142,06,ForetMixe
503142,380701,9992700,Yellow Lasius,NA,9992700,503142,07,Graviere
503142,380701,9991533,Yellow Lasius,NA,9991533,503142,07,Graviere
503142,380701,9991262,Yellow Lasius,NA,9991262,503142,07,Graviere
503142,381301,9991958,Tetramorium,NA,9991958,503142,13,transport
503142,381301,9991746,Tetramorium,NA,9991746,503142,13,transport
503142,381301,9990413,Tetramorium,NA,9990413,503142,13,transport
503142,381301,9991672,Solenopsis,Sole_fuga,9991672,503142,13,transport
503142,381501,9991526,Solenopsis,Sole_fuga,9991526,503142,15,ZoneConstruite
503142,381501,9991908,Tetramorium,NA,9991908,503142,15,ZoneConstruite
503142,381501,9991374,Lasius,Lasi_alie,9991374,503142,15,ZoneConstruite
503142,381501,9991954,Lasius,Lasi_alie,9991954,503142,15,ZoneConstruite
503142,381501,9990589,Lasius,Lasi_alie,9990589,503142,15,ZoneConstruite
503142,381501,9992158,Lasius,Lasi_alie,9992158,503142,15,ZoneConstruite
503142,380500,9991072,Formica SS,NA,9991072,503142,05,ForetFeuillus
503142,380700,9990607,Lasius,Lasi_nige,9990607,503142,07,Graviere
503150,340101,9990111,Myrmica,Myrm_scab,9990111,503150,01,Autre
503150,340101,9990106,Myrmica,Myrm_lobi,9990106,503150,01,Autre
503150,340102,9991540,Formica,Form_lema,9991540,503150,01,Autre
503150,340102,9991536,Formica,Form_lema,9991536,503150,01,Autre
503150,340103,9990384,Myrmica,Myrm_lobi,9990384,503150,01,Autre
503150,340103,9991565,Myrmica,Myrm_lobi,9991565,503150,01,Autre
503150,340104,9990238,Myrmica,Myrm_scab,9990238,503150,01,Autre
503150,340105,9990163,Myrmica,Myrm_scab,9990163,503150,01,Autre
503150,340106,9990070,Myrmica,Myrm_scab,9990070,503150,01,Autre
503150,340107,9990576,Formica,Form_lema,9990576,503150,01,Autre
503150,340108,9991768,Formica,Form_lema,9991768,503150,01,Autre
503150,340108,9990313,Coptoformica,NA,9990313,503150,01,Autre
503150,340108,9991552,Myrmica,Myrm_rugi,9991552,503150,01,Autre
503150,340110,9991728,Myrmica,Myrm_rugi,9991728,503150,01,Autre
503150,340112,9990021,Myrmica,Myrm_scab,9990021,503150,01,Autre
503150,340112,9990244,Myrmica,Myrm_scab,9990244,503150,01,Autre
503150,340112,9990174,Myrmica,Myrm_scab,9990174,503150,01,Autre
503150,340404,9991561,Formica SS,NA,9991561,503150,04,ForetConifere
503150,340601,9991546,Manica,Mani_rubi,9991546,503150,06,ForetMixe
503150,340601,9990400.1,Myrmica,Myrm_sabu,9990400,503150,06,ForetMixe
503150,340601,9990400.2,Formica,Form_prat,9990400,503150,06,ForetMixe
503150,340601,9991551,Formica SS,NA,9991551,503150,06,ForetMixe
503150,340601,9991548,Lepto/Temno,NA,9991548,503150,06,ForetMixe
503150,340601,9991577,Formica,Form_lema,9991577,503150,06,ForetMixe
503150,340901,9991570,Myrmica,Myrm_scab,9991570,503150,09,lisiere
503150,340901,9991576,Temnothorax,NA,9991576,503150,09,lisiere
503150,340901,9990360,Formica,Form_cuni,9990360,503150,09,lisiere
503150,340901,9991348,Formica,Form_lema,9991348,503150,09,lisiere
503150,340901,9991353,Formica,Form_lema,9991353,503150,09,lisiere
503150,340902,9990282,Formica,Form_lema,9990282,503150,09,lisiere
503150,341201,9991754,Lepto/Temno,NA,9991754,503150,12,PrairieSeche
503150,341202,9991555,Formica,Form_lema,9991555,503150,12,PrairieSeche
503150,341202,9991542,Formica,Form_lema,9991542,503150,12,PrairieSeche
503150,341202,9991582,Myrmica,Myrm_scab,9991582,503150,12,PrairieSeche
503150,341202,9991581,Myrmica,Myrm_scab,9991581,503150,12,PrairieSeche
503150,341202,9991572,Myrmica,Myrm_sche,9991572,503150,12,PrairieSeche
503150,341202,9991544,Myrmica,Myrm_scab,9991544,503150,12,PrairieSeche
503150,341202,9990577,Myrmica,Myrm_scab,9990577,503150,12,PrairieSeche
503150,341301,9991568,Formica,Form_lema,9991568,503150,13,transport
503150,341301,9991545,Formica SS,NA,9991545,503150,13,transport
503150,340100,9990134,Coptoformica,NA,9990134,503150,01,Autre
503150,340100,9990221,Coptoformica,NA,9990221,503150,01,Autre
503150,340100,9990140,Coptoformica,NA,9990140,503150,01,Autre
503150,340100,9990016,Coptoformica,NA,9990016,503150,01,Autre
503150,340100,9990057,Coptoformica,NA,9990057,503150,01,Autre
503150,340100,9990246,Coptoformica,NA,9990246,503150,01,Autre
503150,340100,9990196,Coptoformica,NA,9990196,503150,01,Autre
503150,340100,9990171,Coptoformica,NA,9990171,503150,01,Autre
503150,340400,9990224,Formica,Form_prat,9990224,503150,04,ForetConifere
503150,340600,9990209,Formica,Form_prat,9990209,503150,06,ForetMixe
503150,341200,9990204,Coptoformica,NA,9990204,503150,12,PrairieSeche
503150,341200,9990223,Coptoformica,NA,9990223,503150,12,PrairieSeche
503150,341200,9990096,Coptoformica,NA,9990096,503150,12,PrairieSeche
503150,341200,9990200,Coptoformica,NA,9990200,503150,12,PrairieSeche
503150,341200,9990218,Coptoformica,NA,9990218,503150,12,PrairieSeche
503150,341200,9990247,Coptoformica,NA,9990247,503150,12,PrairieSeche
503150,341200,9990133,Coptoformica,NA,9990133,503150,12,PrairieSeche
503150,341200,9990266,Coptoformica,NA,9990266,503150,12,PrairieSeche
503158,370101,9991933,Myrmica,NA,9991933,503158,01,Autre
503158,370102,9991000,Myrmica,NA,9991000,503158,01,Autre
503158,370105,9991326,Myrmica,NA,9991326,503158,01,Autre
503158,370105,9991641,Myrmica,NA,9991641,503158,01,Autre
503158,370110,9990526,Myrmica,NA,9990526,503158,01,Autre
503158,370503,9992727,Myrmica,Myrm_rugi,9992727,503158,05,ForetFeuillus
503158,370503,9991688,Myrmica,Myrm_rugi,9991688,503158,05,ForetFeuillus
503158,370901,9991849,Serviformica,NA,9991849,503158,09,lisiere
503158,370902,9990706,Myrmica,Myrm_rubr,9990706,503158,09,lisiere
503158,371001,9990905,Myrmica,NA,9990905,503158,10,marais
503158,371001,9991379,Myrmica,NA,9991379,503158,10,marais
503158,371001,9992897,Myrmica,NA,9992897,503158,10,marais
503158,371002,9990898,Myrmica,Myrm_rugi,9990898,503158,10,marais
503158,371401,9992130,Myrmica,Myrm_rubr,9992130,503158,14,zalluviale
503158,371401,9991682,Myrmica,Myrm_rubr,9991682,503158,14,zalluviale
503158,371401,9993118,Myrmica,Myrm_rubr,9993118,503158,14,zalluviale
503158,370100,9993112,Yellow Lasius,NA,9993112,503158,01,Autre
503158,370100,9991684,Serviformica,NA,9991684,503158,01,Autre
503158,370100,9991459,Coptoformica,NA,9991459,503158,01,Autre
503158,370100,9991737,Coptoformica,NA,9991737,503158,01,Autre
503158,370100,9991559,Coptoformica,NA,9991559,503158,01,Autre
503158,370100,9991308,Coptoformica,NA,9991308,503158,01,Autre
503158,370100,9993268,Coptoformica,NA,9993268,503158,01,Autre
503158,370100,9992895,Coptoformica,NA,9992895,503158,01,Autre
503158,370900,9991468,Formica,NA,9991468,503158,09,lisiere
509150,330101,9991061,Lasius,NA,9991061,509150,01,Autre
509150,330108,9991503,Lasius,Lasi_nige,9991503,509150,01,Autre
509150,330109,9990594,Yellow Lasius,NA,9990594,509150,01,Autre
509150,330112,9990422,Lasius,NA,9990422,509150,01,Autre
509150,330114,9990888,Yellow Lasius,NA,9990888,509150,01,Autre
509150,330201,9990694,Lasius,NA,9990694,509150,02,Carriere
509150,330501,9990578,Temnothorax,NA,9990578,509150,05,ForetFeuillus
509150,330501,9990907,Myrmica,NA,9990907,509150,05,ForetFeuillus
509150,330601,9990784,Myrmica,NA,9990784,509150,06,ForetMixe
509150,330601,9990584,Temnothorax,NA,9990584,509150,06,ForetMixe
509150,330801,9991156,Yellow Lasius,NA,9991156,509150,08,Humide
509150,330801,9991740,Lasius,NA,9991740,509150,08,Humide
509150,331501,9990597,Yellow Lasius,NA,9990597,509150,15,ZoneConstruite
509150,331501,9990781,Yellow Lasius,NA,9990781,509150,15,ZoneConstruite
509150,331501,9990779,Lasius,NA,9990779,509150,15,ZoneConstruite
509150,330100,9990906,Formica,Form_cuni,9990906,509150,01,Autre
509150,330100,9991501,Serviformica,NA,9991501,509150,01,Autre
509150,330400,9991280,Serviformica,NA,9991280,509150,04,ForetConifere
509150,331200,9992896,Formica,NA,9992896,509150,12,PrairieSeche
509158,350101,9990162,Tetramorium,NA,9990162,509158,01,Autre
509158,350102,9990139,Myrmica,Myrm_scab,9990139,509158,01,Autre
509158,350102,9990058,Formica,Form_lema,9990058,509158,01,Autre
509158,350104,9990263,Tetramorium,NA,9990263,509158,01,Autre
509158,350104,9990230,Myrmica,Myrm_sabu,9990230,509158,01,Autre
509158,350104,9990202,Myrmica,Myrm_sabu,9990202,509158,01,Autre
509158,350104,9990254,Temnothorax,Temn_nyla,9990254,509158,01,Autre
509158,350104,9990211,Formica,Form_lema,9990211,509158,01,Autre
509158,350105,9990143,Myrmica,Myrm_scab,9990143,509158,01,Autre
509158,350105,9990048,Manica,Mani_rubi,9990048,509158,01,Autre
509158,350107,9990167,Formica,pressilabris,9990167,509158,01,Autre
509158,350107,9990051,Formica,Form_lema,9990051,509158,01,Autre
509158,350107,9990081,Formica,Form_lema,9990081,509158,01,Autre
509158,350107,9990219,Tetramorium,NA,9990219,509158,01,Autre
509158,350108,9990087,Myrmica,Myrm_scab,9990087,509158,01,Autre
509158,350109,9990183,Formica,pressilabris,9990183,509158,01,Autre
509158,350109,9990025,Formica,pressilabris,9990025,509158,01,Autre
509158,350109,9990124,Formica,pressilabris,9990124,509158,01,Autre
509158,350109,9990150,Formica,Form_cuni,9990150,509158,01,Autre
509158,350109,9990049,Myrmica,Myrm_sabu,9990049,509158,01,Autre
509158,350110,9990059,Manica,Mani_rubi,9990059,509158,01,Autre
509158,350111,9990022,Formica,Form_lema,9990022,509158,01,Autre
509158,350111,9990100,Formica,Form_lema,9990100,509158,01,Autre
509158,350111,9990094,Formica,Form_lema,9990094,509158,01,Autre
509158,350112,9990074,Formica,Form_lema,9990074,509158,01,Autre
509158,350112,9990154,Formica,Form_lema,9990154,509158,01,Autre
509158,350112,9990228,Temnothorax,Temn_tube,9990228,509158,01,Autre
509158,350113,9990168,Myrmica,Myrm_lobi,9990168,509158,01,Autre
509158,350113,9990175,Formica,Form_lema,9990175,509158,01,Autre
509158,350114,9990098,Formica,Form_lema,9990098,509158,01,Autre
509158,350402,9990206,Myrmica,Myrm_rugi,9990206,509158,04,ForetConifere
509158,350901,9990195,Myrmica,Myrm_scab,9990195,509158,09,lisiere
509158,350901,9990104,Formica,Form_lugubris/paralugubris,9990104,509158,09,lisiere
509158,350902,9990110,Myrmica,Myrm_scab,9990110,509158,09,lisiere
509158,350902,9990155,Formica,Form_lema,9990155,509158,09,lisiere
509158,351201,9990207,Myrmica,Myrm_sabu,9990207,509158,12,PrairieSeche
509158,351202,9990190,Leptothorax,Lept_acer,9990190,509158,12,PrairieSeche
509158,351202,9990109,Myrmica,Myrm_sabu,9990109,509158,12,PrairieSeche
509158,351203,9990229,Myrmica,Myrm_sabu,9990229,509158,12,PrairieSeche
509158,351203,9990107,Myrmica,Myrm_sabu,9990107,509158,12,PrairieSeche
509158,351203,9990194,Myrmica,Myrm_rugi,9990194,509158,12,PrairieSeche
509158,351204,9990112,Formica,Form_lema,9990112,509158,12,PrairieSeche
509158,351204,9990187,Tetramorium,NA,9990187,509158,12,PrairieSeche
509158,351204,9990007,Tetramorium,NA,9990007,509158,12,PrairieSeche
509158,351204,9990068,Myrmica,Myrm_scab,9990068,509158,12,PrairieSeche
509158,351204,9990002,Myrmica,Myrm_scab,9990002,509158,12,PrairieSeche
509158,351204,9990055,Manica,Mani_rubi,9990055,509158,12,PrairieSeche
509158,351301,9990040,Myrmica,Myrm_rugi,9990040,509158,13,transport
509158,351301,9990165,Formica,Form_lugubris/paralugubris,9990165,509158,13,transport
509158,351501,9990083,Myrmica,Myrm_rubr,9990083,509158,15,ZoneConstruite
509158,350100,9990225,Formica,pressilabris,9990225,509158,01,Autre
509158,350100,9990264,Formica,pressilabris,9990264,509158,01,Autre
509158,350100,9990128,Formica,pressilabris,9990128,509158,01,Autre
509158,350100,9990234,Formica,pressilabris,9990234,509158,01,Autre
509158,350100,9990188,Formica,pressilabris,9990188,509158,01,Autre
509158,350100,9990226,Formica,pressilabris,9990226,509158,01,Autre
509158,350100,9990208,Formica,pressilabris,9990208,509158,01,Autre
509158,350100,9990249,Formica,pressilabris,9990249,509158,01,Autre
509158,350100,9990271,Formica,pressilabris,9990271,509158,01,Autre
509158,350100,9990278,Formica,pressilabris,9990278,509158,01,Autre
509158,350100,9990262,Formica,pressilabris,9990262,509158,01,Autre
509158,350100,9990285,Formica,pressilabris,9990285,509158,01,Autre
509158,350100,9990272,Formica,pressilabris,9990272,509158,01,Autre
509158,350100,9990073,Formica,pressilabris,9990073,509158,01,Autre
509158,350100,9990217,Formica,pressilabris,9990217,509158,01,Autre
509158,350100,9990250,Formica,pressilabris,9990250,509158,01,Autre
509158,350100,9990193,Formica,Form_lugubris/paralugubris,9990193,509158,01,Autre
509158,350100,9990144,Formica,Form_lugubris/paralugubris,9990144,509158,01,Autre
509158,350400,9990259,Formica,Form_lugubris/paralugubris,9990259,509158,04,ForetConifere
509158,350400,9990283,Formica,Form_lugubris/paralugubris,9990283,509158,04,ForetConifere
509158,350400,9990242,Formica,Form_lugubris/paralugubris,9990242,509158,04,ForetConifere
509158,350400,9990248,Formica,Form_lugubris/paralugubris,9990248,509158,04,ForetConifere
509158,350400,9990251,Formica,Form_lugubris/paralugubris,9990251,509158,04,ForetConifere
509158,350400,9990261,Formica,Form_lugubris/paralugubris,9990261,509158,04,ForetConifere
509158,350400,9990093,Formica,Form_lugubris/paralugubris,9990093,509158,04,ForetConifere
509158,350900,9990178,Formica,pressilabris,9990178,509158,09,lisiere
509158,350900,9990245,Formica,pressilabris,9990245,509158,09,lisiere
509158,350900,9990280,Formica,Form_lugubris/paralugubris,9990280,509158,09,lisiere
509158,351200,9990011,Formica,pressilabris,9990011,509158,12,PrairieSeche
509158,351200,9990121,Formica,pressilabris,9990121,509158,12,PrairieSeche
509158,351200,9990236,Formica,pressilabris,9990236,509158,12,PrairieSeche
509158,351200,9990117,Formica,pressilabris,9990117,509158,12,PrairieSeche
509166,360102,9991149,Serviformica,NA,9991149,509166,01,Autre
509166,360103,9991158,Coptoformica,NA,9991158,509166,01,Autre
509166,360103,9991340,Coptoformica,NA,9991340,509166,01,Autre
509166,360103,9991339,Serviformica,NA,9991339,509166,01,Autre
509166,360103,9991120,Yellow Lasius,NA,9991120,509166,01,Autre
509166,360103,9990417,Yellow Lasius,NA,9990417,509166,01,Autre
509166,360103,9990364,Myrmica,NA,9990364,509166,01,Autre
509166,360104,9990604,Myrmica,NA,9990604,509166,01,Autre
509166,360110,9990601,Myrmica,NA,9990601,509166,01,Autre
509166,360110,9990586,Serviformica,NA,9990586,509166,01,Autre
509166,360112,9991381,Myrmica,NA,9991381,509166,01,Autre
509166,360112,9990610,Myrmica,NA,9990610,509166,01,Autre
509166,360112,9991473,Myrmica,NA,9991473,509166,01,Autre
509166,360112,9991858,Myrmica,Myrm_rugi,9991858,509166,01,Autre
509166,360112,9991056,Coptoformica,NA,9991056,509166,01,Autre
509166,360112,9991504,Yellow Lasius,NA,9991504,509166,01,Autre
509166,360112,9991373,Yellow Lasius,NA,9991373,509166,01,Autre
509166,360113,9992709,Coptoformica,NA,9992709,509166,01,Autre
509166,360113,9991337,Coptoformica,NA,9991337,509166,01,Autre
509166,360115,9990936,Yellow Lasius,NA,9990936,509166,01,Autre
509166,360115,9991319,Myrmica,NA,9991319,509166,01,Autre
509166,360115,9991859,Myrmica,NA,9991859,509166,01,Autre
509166,360115,9990874,Myrmica,NA,9990874,509166,01,Autre
509166,360115,9991078,Serviformica,NA,9991078,509166,01,Autre
509166,360115,9990922,Tetramorium,NA,9990922,509166,01,Autre
509166,360115,9990742,Tetramorium,NA,9990742,509166,01,Autre
509166,360115,9990967,Tetramorium,NA,9990967,509166,01,Autre
509166,360115,9990065,Temnothorax,NA,9990065,509166,01,Autre
509166,360115,9990788,Temnothorax,NA,9990788,509166,01,Autre
509166,360901,9991277,Manica,Mani_rubi,9991277,509166,09,lisiere
509166,360901,9991190,Manica,Mani_rubi,9991190,509166,09,lisiere
509166,360901,9992527,Manica,Mani_rubi,9992527,509166,09,lisiere
509166,361001,9991082,Myrmica,Myrm_rugi,9991082,509166,10,marais
509166,361001,9990787,Myrmica,Myrm_rugi,9990787,509166,10,marais
509166,361001,9990748,Myrmica,Myrm_rugi,9990748,509166,10,marais
509166,361501,9990538,Serviformica,NA,9990538,509166,15,ZoneConstruite
509166,361501,9991449,Myrmica,Myrm_rugi,9991449,509166,15,ZoneConstruite
509166,360100,9991491,Coptoformica,NA,9991491,509166,01,Autre
509166,360100,9991840,Coptoformica,NA,9991840,509166,01,Autre
509166,360100,9992908,Serviformica,NA,9992908,509166,01,Autre
509166,360100,9991705,Yellow Lasius,NA,9991705,509166,01,Autre
509166,360100,9990971,Yellow Lasius,NA,9990971,509166,01,Autre
509166,360100,9993109,Yellow Lasius,NA,9993109,509166,01,Autre
509166,360100,9990425,Yellow Lasius,NA,9990425,509166,01,Autre
509166,360100,9990710,Yellow Lasius,NA,9990710,509166,01,Autre
509166,360100,9991683,Yellow Lasius,NA,9991683,509166,01,Autre
509166,360100,9993082,Yellow Lasius,NA,9993082,509166,01,Autre
509166,360900,9991167,Formicoxenus,Formx_niti,9991167,509166,09,lisiere
509166,360900,9990419,Formica,NA,9990419,509166,09,lisiere
509166,360900,9990795,Formica,NA,9990795,509166,09,lisiere
509166,360900,9991515,Formica,NA,9991515,509166,09,lisiere
509166,360900,9990972,Formica,NA,9990972,509166,09,lisiere
515158,310101,9991187,Serviformica,NA,9991187,515158,01,Autre
515158,310503,9990583,Temnothorax,NA,9990583,515158,05,ForetFeuillus
515158,310504,9990066,Camponotus,NA,9990066,515158,05,ForetFeuillus
515158,310506,9991965,Serviformica,NA,9991965,515158,05,ForetFeuillus
515158,310506,9992689,Serviformica,NA,9992689,515158,05,ForetFeuillus
515158,310507,9991492,Lasius,Lasi_brun,9991492,515158,05,ForetFeuillus
515158,310601,9990565,Myrmica,Myrm_rugi,9990565,515158,06,ForetMixe
515158,310602,9991312,Tetramorium,NA,9991312,515158,06,ForetMixe
515158,310602,9991774,Tetramorium,NA,9991774,515158,06,ForetMixe
515158,310602,9990776,Myrmica,NA,9990776,515158,06,ForetMixe
515158,310602,9990367,Tetramorium,NA,9990367,515158,06,ForetMixe
515158,310604,9991720,Myrmica,Myrm_rugi,9991720,515158,06,ForetMixe
515158,310604,9990605,Myrmica,Myrm_rugi,9990605,515158,06,ForetMixe
515158,310604,9990952,Myrmica,Myrm_rugi,9990952,515158,06,ForetMixe
515158,310604,9992884,Myrmica,Myrm_rugi,9992884,515158,06,ForetMixe
515158,310609,9992535,Serviformica,NA,9992535,515158,06,ForetMixe
515158,310400,9990427,Formica,NA,9990427,515158,04,ForetConifere
515158,310600,9991472,Formica,NA,9991472,515158,06,ForetMixe
515158,310401,9991855,Serviformica,NA,9991855,515158,04,ForetConifere
515166,300101,9990883,Myrmica,Myrm_sabu,9990883,515166,01,Autre
515166,300103,9990008,Formica,Form_fusca,9990008,515166,01,Autre
515166,300103,9990725,Coptoformica,NA,9990725,515166,01,Autre
515166,300103,9992497,Formica,Form_lema,9992497,515166,01,Autre
515166,300103,9990928,Coptoformica,NA,9990928,515166,01,Autre
515166,300105,9991506,Formica,Form_lugubris/paralugubris,9991506,515166,01,Autre
515166,300107,9991516,Formica,fusca/lemani,9991516,515166,01,Autre
515166,300403,9990103,Formica,Form_lugubris/paralugubris,9990103,515166,04,ForetConifere
515166,300406,9992306,Myrmica,Myrm_rugi,9992306,515166,04,ForetConifere
515166,300408,9991520,Myrmica,Myrm_sabu,9991520,515166,04,ForetConifere
515166,300413,9990024,Formica,Form_lugubris/paralugubris,9990024,515166,04,ForetConifere
515166,300100,9990789,Lasius,Lasi_flav,9990789,515166,01,Autre
515166,300100,9991736,Coptoformica,NA,9991736,515166,01,Autre
515166,300100,9990777,Coptoformica,NA,9990777,515166,01,Autre
515166,300100,9990499,Coptoformica,NA,9990499,515166,01,Autre
515166,300100,9991483,Coptoformica,NA,9991483,515166,01,Autre
515166,300100,9990568,Coptoformica,NA,9990568,515166,01,Autre
515166,300100,9992698,Coptoformica,NA,9992698,515166,01,Autre
515166,300100,9991384,Coptoformica,NA,9991384,515166,01,Autre
515166,300100,9992500,Coptoformica,NA,9992500,515166,01,Autre
515166,300100,9990560,Coptoformica,NA,9990560,515166,01,Autre
515166,300400,9991068,Formica,Form_lugubris/paralugubris,9991068,515166,04,ForetConifere
515166,300900,9992119,Formica,Form_lugubris/paralugubris,9992119,515166,09,lisiere
515166,300900,9990550,Formica,Form_lugubris/paralugubris,9990550,515166,09,lisiere
515166,301200,9991642,Coptoformica,NA,9991642,515166,12,PrairieSeche
521150,320102,9990424,Lasius,NA,9990424,521150,01,Autre
521150,320102,9991354,Lasius,NA,9991354,521150,01,Autre
521150,320102,9992902,Yellow Lasius,NA,9992902,521150,01,Autre
521150,320103,9991006,Yellow Lasius,NA,9991006,521150,01,Autre
521150,320103,9990674,Serviformica,NA,9990674,521150,01,Autre
521150,320103,9992918,Tetramorium,NA,9992918,521150,01,Autre
521150,320104,9990617,Lasius,NA,9990617,521150,01,Autre
521150,320105,9990782,Myrmica,NA,9990782,521150,01,Autre
521150,320105,9991171,Myrmica,NA,9991171,521150,01,Autre
521150,320109,9990911,Lasius,NA,9990911,521150,01,Autre
521150,320109,9993114,Yellow Lasius,NA,9993114,521150,01,Autre
521150,320109,9991172,Yellow Lasius,NA,9991172,521150,01,Autre
521150,320109,9990803,Yellow Lasius,NA,9990803,521150,01,Autre
521150,320109,9991060,Yellow Lasius,NA,9991060,521150,01,Autre
521150,320111,9990559,Yellow Lasius,NA,9990559,521150,01,Autre
521150,320113,9990481,Lasius,NA,9990481,521150,01,Autre
521150,320115,9990743,Yellow Lasius,NA,9990743,521150,01,Autre
521150,320115,9992893,Solenopsis,Sole_fuga,9992893,521150,01,Autre
521150,320115,9990712,Solenopsis,Sole_fuga,9990712,521150,01,Autre
521150,320116,9990744,Myrmica,NA,9990744,521150,01,Autre
521150,320116,9991064,Myrmica,NA,9991064,521150,01,Autre
521150,320116,9991002,Myrmica,NA,9991002,521150,01,Autre
521150,320116,9990697,Myrmica,NA,9990697,521150,01,Autre
521150,320117,9992909,Tetramorium,NA,9992909,521150,01,Autre
521150,320117,9991003,Lasius,NA,9991003,521150,01,Autre
521150,320301,9992887,Lasius,NA,9992887,521150,03,CulturePerm
521150,320301,9992720,Myrmica,NA,9992720,521150,03,CulturePerm
521150,320901,9991270,Temnothorax,NA,9991270,521150,09,lisiere
521150,320901,9990804,Temnothorax,NA,9990804,521150,09,lisiere
521150,321301,9990430,Yellow Lasius,NA,9990430,521150,13,transport
521150,321301,9991907,Lasius,NA,9991907,521150,13,transport
521150,321301,9990509,Solenopsis,Sole_fuga,9990509,521150,13,transport
521150,321301,9990974,Solenopsis,Sole_fuga,9990974,521150,13,transport
521150,321301,9990606,Solenopsis,Sole_fuga,9990606,521150,13,transport
521150,321501,9990592,Yellow Lasius,NA,9990592,521150,15,ZoneConstruite
521150,321501,9991901,Lasius,NA,9991901,521150,15,ZoneConstruite
521150,321501,9990235,Serviformica,NA,9990235,521150,15,ZoneConstruite
521150,321501,9991067,Solenopsis,Sole_fuga,9991067,521150,15,ZoneConstruite
521150,321502,9990343,Solenopsis,Sole_fuga,9990343,521150,15,ZoneConstruite
521150,321502,9991729,Myrmica,NA,9991729,521150,15,ZoneConstruite
521150,320100,9993105,Serviformica,NA,9993105,521150,01,Autre
521150,320100,9992692,Serviformica,NA,9992692,521150,01,Autre
521150,320100,9991092,Tetramorium,NA,9991092,521150,01,Autre
521150,320100,9990970,Tetramorium,NA,9990970,521150,01,Autre
521150,320300,9992888,Lasius,NA,9992888,521150,03,CulturePerm
521150,320300,9991868,Lasius,NA,9991868,521150,03,CulturePerm
521166,280101,9991529,Lasius,NA,9991529,521166,01,Autre
521166,280102,9990756,Lasius,NA,9990756,521166,01,Autre
521166,280102,9990020,Lasius,NA,9990020,521166,01,Autre
521166,280102,9990000,Lasius,NA,9990000,521166,01,Autre
521166,280102,9990255,Lasius,Lasi_flav,9990255,521166,01,Autre
521166,280102,9990045,Lasius,Lasi_flav,9990045,521166,01,Autre
521166,280104,9990348,Lasius,NA,9990348,521166,01,Autre
521166,280106,9990101,Lasius,Lasi_flav,9990101,521166,01,Autre
521166,280106,9990082,Lasius,NA,9990082,521166,01,Autre
521166,280107,9990037,Myrmica,Myrm_sabu,9990037,521166,01,Autre
521166,280108,9990762,Lasius,NA,9990762,521166,01,Autre
521166,280108,9991741,Lasius,Lasi_flav,9991741,521166,01,Autre
521166,280108,9991146,Lasius,NA,9991146,521166,01,Autre
521166,280109,9990260,Lasius,NA,9990260,521166,01,Autre
521166,280110,9991757,Lasius,NA,9991757,521166,01,Autre
521166,280117,9990300,Lasius,Lasi_flav,9990300,521166,01,Autre
521166,280117,9990243,Lasius,NA,9990243,521166,01,Autre
521166,280301,9990062.1,Lasius,NA,9990062,521166,03,CulturePerm
521166,280301,9990062.2,Colobopsis,Colo_trun,9990062,521166,03,CulturePerm
521166,280501,9990017.1,Leptothorax,NA,9990017,521166,05,ForetFeuillus
521166,280501,9990017.2,Lasius,Lasi_brun,9990017,521166,05,ForetFeuillus
521166,280501,9990015,Temnothorax,NA,9990015,521166,05,ForetFeuillus
521166,280501,9990064,Temnothorax,NA,9990064,521166,05,ForetFeuillus
521166,280501,9990942,Temnothorax,NA,9990942,521166,05,ForetFeuillus
521166,280901,9990956,Serviformica,NA,9990956,521166,09,lisiere
521166,281301,9990053,Tetramorium,NA,9990053,521166,13,transport
521166,281301,9991724,Tetramorium,NA,9991724,521166,13,transport
521166,281501,9990164,Lasius,Lasi_flav,9990164,521166,15,ZoneConstruite
521166,281501,9990199,Lasius,Lasi_flav,9990199,521166,15,ZoneConstruite
521166,281501,9990921,Lasius,NA,9990921,521166,15,ZoneConstruite
521166,280100,9990389,Lasius,NA,9990389,521166,01,Autre
521166,280100,9990358,Lasius,NA,9990358,521166,01,Autre
521174,290103,9990543,NA,NA,9990543,521174,01,Autre
521174,290103,9992127,NA,NA,9992127,521174,01,Autre
521174,290402,9991478,Temnothorax,NA,9991478,521174,04,ForetConifere
521174,290403,9990355,Formica SS,NA,9990355,521174,04,ForetConifere
521174,290404,9990349,NA,NA,9990349,521174,04,ForetConifere
521174,290404,9990553,Temnothorax,NA,9990553,521174,04,ForetConifere
521174,290503,9990353,NA,NA,9990353,521174,05,ForetFeuillus
521174,290504,9990901,Camponotus,NA,9990901,521174,05,ForetFeuillus
521174,290602,9991443,NA,NA,9991443,521174,06,ForetMixe
521174,290603,9991550,NA,NA,9991550,521174,06,ForetMixe
521174,290603,9991350,NA,NA,9991350,521174,06,ForetMixe
521174,290604,9992328,Temnothorax,NA,9992328,521174,06,ForetMixe
521174,290604,9991451,Temnothorax,NA,9991451,521174,06,ForetMixe
521174,290604,9991640,Temnothorax,NA,9991640,521174,06,ForetMixe
521174,290604,9990239,Temnothorax,NA,9990239,521174,06,ForetMixe
521174,290606,9992115,NA,NA,9992115,521174,06,ForetMixe
521174,291302,9991192,Myrmica,NA,9991192,521174,13,transport
521174,290100,9992331,Lasius,NA,9992331,521174,01,Autre
521174,290400,9990003,Formica SS,NA,9990003,521174,04,ForetConifere
521174,291300,9991938,Yellow Lasius,NA,9991938,521174,13,transport
527174,240103,9990394,Lasius,NA,9990394,527174,01,Autre
527174,240103,9990947,Lasius,NA,9990947,527174,01,Autre
527174,240103,9990755,Yellow Lasius,NA,9990755,527174,01,Autre
527174,240103,9991107,Yellow Lasius,NA,9991107,527174,01,Autre
527174,240104,9991334,Lasius,NA,9991334,527174,01,Autre
527174,240106,9991498,Lasius,NA,9991498,527174,01,Autre
527174,240107,9990585,Yellow Lasius,NA,9990585,527174,01,Autre
527174,240402,9991121,Lasius,Lasi_brun,9991121,527174,04,ForetConifere
527174,240402,9991944,Lasius,NA,9991944,527174,04,ForetConifere
527174,240402,9990940,Myrmica,Myrm_rugi,9990940,527174,04,ForetConifere
527174,240501,9991117,Myrmica,Myrm_rugi,9991117,527174,05,ForetFeuillus
527174,240501,9990966,Temnothorax,NA,9990966,527174,05,ForetFeuillus
527174,240602,9991831,Lasius,NA,9991831,527174,06,ForetMixe
527174,240603,9992534,Myrmica,Myrm_rugi,9992534,527174,06,ForetMixe
527174,240604,9991295,Lasius,NA,9991295,527174,06,ForetMixe
527174,240604,9991716,Lasius,NA,9991716,527174,06,ForetMixe
527174,240605,9991765,Temnothorax,NA,9991765,527174,06,ForetMixe
527174,240901,9990390,Lasius,NA,9990390,527174,09,lisiere
527174,240901,9991085,Myrmica,Myrm_rugi,9991085,527174,09,lisiere
527174,240100,9990220,Lasius,NA,9990220,527174,01,Autre
527174,240100,9991687,Lasius,NA,9991687,527174,01,Autre
527158,270101,9991256,Lasius,Lasi_nige,9991256,527158,01,Autre
527158,270101,9990808,Lasius,Lasi_nige,9990808,527158,01,Autre
527158,270102,9991318,Lasius,Lasi_nige,9991318,527158,01,Autre
527158,270103,9990549,Lasius,Lasi_nige,9990549,527158,01,Autre
527158,270103,9991839,Solenopsis,Sole_fuga,9991839,527158,01,Autre
527158,270103,9991557,Lasius,Lasi_plat,9991557,527158,01,Autre
527158,270103,9991479,Tetramorium,NA,9991479,527158,01,Autre
527158,270104,9991636,Yellow Lasius,NA,9991636,527158,01,Autre
527158,270105,9992120,Lasius,Lasi_nige,9992120,527158,01,Autre
527158,270108,9990904,Lasius,Lasi_nige,9990904,527158,01,Autre
527158,270108,9990317,Lasius,Lasi_nige,9990317,527158,01,Autre
527158,270108,9992347,Lasius,Lasi_nige,9992347,527158,01,Autre
527158,270108,9990326,Lasius,Lasi_nige,9990326,527158,01,Autre
527158,270109,9992696,Yellow Lasius,NA,9992696,527158,01,Autre
527158,270109,9991937,Yellow Lasius,NA,9991937,527158,01,Autre
527158,270112,9991442,Myrmica,NA,9991442,527158,01,Autre
527158,270113,9990531,Yellow Lasius,NA,9990531,527158,01,Autre
527158,270113,9990767,Lasius,Lasi_plat,9990767,527158,01,Autre
527158,270301,9990924,Yellow Lasius,NA,9990924,527158,03,CulturePerm
527158,270302,9991675,Tetramorium,NA,9991675,527158,03,CulturePerm
527158,270302,9990923,Tetramorium,NA,9990923,527158,03,CulturePerm
527158,270302,9991367,Myrmica,NA,9991367,527158,03,CulturePerm
527158,270302,9990567,Lasius,Lasi_nige,9990567,527158,03,CulturePerm
527158,270501,9991527,Temnothorax,NA,9991527,527158,05,ForetFeuillus
527158,270501,9991919,Yellow Lasius,NA,9991919,527158,05,ForetFeuillus
527158,270501,9991125,Temnothorax,NA,9991125,527158,05,ForetFeuillus
527158,270601,9990357,Myrmica,Myrm_rugi,9990357,527158,06,ForetMixe
527158,270601,9990325,Myrmica,Myrm_rugi,9990325,527158,06,ForetMixe
527158,270601,9990327,Lasius,Lasi_plat,9990327,527158,06,ForetMixe
527158,270901,9990547,Lasius,Lasi_alie,9990547,527158,09,lisiere
527158,271301,9993264,Solenopsis,Sole_fuga,9993264,527158,13,transport
527158,271301,9990929,Tetramorium,NA,9990929,527158,13,transport
527158,271301,9990919,Tapinoma,NA,9990919,527158,13,transport
527158,271301,9991114,Tetramorium,NA,9991114,527158,13,transport
527158,271301,9991633,Tetramorium,NA,9991633,527158,13,transport
527158,271301,9991764,Tetramorium,NA,9991764,527158,13,transport
527158,271301,9991105,Tapinoma,NA,9991105,527158,13,transport
527158,271301,9991535,Solenopsis,Sole_fuga,9991535,527158,13,transport
527158,270100,9991321,Yellow Lasius,NA,9991321,527158,01,Autre
527158,270100,9990739,Lasius,Lasi_nige,9990739,527158,01,Autre
527158,270100,9992342,Formica,Form_rufi,9992342,527158,01,Autre
527158,270100,9992112,Yellow Lasius,NA,9992112,527158,01,Autre
527158,270900,9991310,Lasius,Lasi_fuli,9991310,527158,09,lisiere
533166,260101,9990864,Yellow Lasius,NA,9990864,533166,01,Autre
533166,260101,9991767,Yellow Lasius,NA,9991767,533166,01,Autre
533166,260102,9991959,Lasius,NA,9991959,533166,01,Autre
533166,260102,9992512,Lasius,NA,9992512,533166,01,Autre
533166,260103,9990099,Yellow Lasius,NA,9990099,533166,01,Autre
533166,260103,9990490,Yellow Lasius,NA,9990490,533166,01,Autre
533166,260104,9990877,Yellow Lasius,NA,9990877,533166,01,Autre
533166,260104,9990750,Yellow Lasius,NA,9990750,533166,01,Autre
533166,260104,9991763,Yellow Lasius,NA,9991763,533166,01,Autre
533166,260104,9991951,Yellow Lasius,NA,9991951,533166,01,Autre
533166,260104,9990431,Lasius,NA,9990431,533166,01,Autre
533166,260104,9991195,Lasius,NA,9991195,533166,01,Autre
533166,260104,9992691,Lasius,NA,9992691,533166,01,Autre
533166,260104,9990757,Lasius,NA,9990757,533166,01,Autre
533166,260104,9990760,Lasius,NA,9990760,533166,01,Autre
533166,260105,9990513,Yellow Lasius,NA,9990513,533166,01,Autre
533166,260105,9991652,Yellow Lasius,NA,9991652,533166,01,Autre
533166,260105,9993073,Formica SS,NA,9993073,533166,01,Autre
533166,260105,9993266,Myrmica,NA,9993266,533166,01,Autre
533166,260106,9990351,Lasius,NA,9990351,533166,01,Autre
533166,260107,9991342,Lasius,NA,9991342,533166,01,Autre
533166,260108,9990961,Lasius,NA,9990961,533166,01,Autre
533166,260108,9992735,Yellow Lasius,NA,9992735,533166,01,Autre
533166,260109,9991668,Yellow Lasius,NA,9991668,533166,01,Autre
533166,260109,9990992,Yellow Lasius,NA,9990992,533166,01,Autre
533166,260111,9991282,Yellow Lasius,NA,9991282,533166,01,Autre
533166,260111,9992719,Lasius,NA,9992719,533166,01,Autre
533166,260111,9992159,Lasius,NA,9992159,533166,01,Autre
533166,260112,9991917,Lasius,NA,9991917,533166,01,Autre
533166,260113,9990865,Yellow Lasius,NA,9990865,533166,01,Autre
533166,260115,9991267,Lasius,NA,9991267,533166,01,Autre
533166,260116,9991118,Lasius,NA,9991118,533166,01,Autre
533166,260118,9993100,Myrmica,NA,9993100,533166,01,Autre
533166,260301,9990917,Yellow Lasius,NA,9990917,533166,03,CulturePerm
533166,260301,9991460,Lasius,NA,9991460,533166,03,CulturePerm
533166,260301,9992121,Lasius,NA,9992121,533166,03,CulturePerm
533166,260601,9991464,Myrmica,Myrm_rugi,9991464,533166,06,ForetMixe
533166,261301,9991469,Yellow Lasius,NA,9991469,533166,13,transport
533166,261301,9992905,Yellow Lasius,NA,9992905,533166,13,transport
533166,261301,9991553,Formica SS,NA,9991553,533166,13,transport
533166,261301,9992705,Lasius,NA,9992705,533166,13,transport
533166,261301,9990381,Tetramorium,NA,9990381,533166,13,transport
533166,261301,9992325,Tetramorium,NA,9992325,533166,13,transport
533166,261501,9992925,Yellow Lasius,NA,9992925,533166,15,ZoneConstruite
533166,261501,9993119,Lasius,NA,9993119,533166,15,ZoneConstruite
533166,261501,9991251,Lasius,NA,9991251,533166,15,ZoneConstruite
533166,261501,9992505,Lasius,NA,9992505,533166,15,ZoneConstruite
533166,260100,9992911,Yellow Lasius,NA,9992911,533166,01,Autre
533166,260100,9992889,Yellow Lasius,NA,9992889,533166,01,Autre
533166,260100,9990680,Tetramorium,NA,9990680,533166,01,Autre
533166,260100,9992702,Formica SS,NA,9992702,533166,01,Autre
533166,260100,9992351,Formica,Form_prat,9992351,533166,01,Autre
533182,220101,9992515,Yellow Lasius,NA,9992515,533182,01,Autre
533182,220101,9991655,Lasius,NA,9991655,533182,01,Autre
533182,220101,9991288,Lasius,NA,9991288,533182,01,Autre
533182,220102,9992504,Lasius,NA,9992504,533182,01,Autre
533182,220103,9993265,Lasius,NA,9993265,533182,01,Autre
533182,220103,9991658,Lasius,NA,9991658,533182,01,Autre
533182,220106,9991653,Lasius,NA,9991653,533182,01,Autre
533182,220106,9992114,Lasius,NA,9992114,533182,01,Autre
533182,220114,9991466,Lasius,NA,9991466,533182,01,Autre
533182,220114,9990564,Lasius,NA,9990564,533182,01,Autre
533182,220115,9991656,Lasius,NA,9991656,533182,01,Autre
533182,220117,9991657,Lasius,NA,9991657,533182,01,Autre
533182,220118,9990890,Lasius,NA,9990890,533182,01,Autre
533182,220901,9992348,Myrmica,Myrm_rugi,9992348,533182,09,lisiere
533182,220100,9993287,Lasius,NA,9993287,533182,01,Autre
533182,220100,9991320,Lasius,NA,9991320,533182,01,Autre
533182,220100,9991253,Yellow Lasius,NA,9991253,533182,01,Autre
533182,220100,9991129,Yellow Lasius,NA,9991129,533182,01,Autre
533182,220100,9991835,Formica SS,NA,9991835,533182,01,Autre
533182,220100,9990695,Formica SS,NA,9990695,533182,01,Autre
533182,220400,9991648,Lasius,Lasi_fuli,9991648,533182,04,ForetConifere
533182,220500,9992340,Formica SS,NA,9992340,533182,05,ForetFeuillus
533182,221300,9991462,Tetramorium,NA,9991462,533182,13,transport
533190,210102,9990170,Serviformica,NA,9990170,533190,01,Autre
533190,210102,9991391,Serviformica,NA,9991391,533190,01,Autre
533190,210102,9993078,Myrmica,ou Temno?,9993078,533190,01,Autre
533190,210102,9993094,Myrmica,NA,9993094,533190,01,Autre
533190,210103,9992341,Manica,Mani_rubi,9992341,533190,01,Autre
533190,210103,9990613,Myrmica,Myrm_rugi,9990613,533190,01,Autre
533190,210103,9991302,Myrmica,Myrm_rugi,9991302,533190,01,Autre
533190,210103,9992890,Myrmica,Myrm_rugi,9992890,533190,01,Autre
533190,210103,9991197,Myrmica,NA,9991197,533190,01,Autre
533190,210103,9990342,Myrmica,Myrm_rugi,9990342,533190,01,Autre
533190,210103,9990778,Myrmica,NA,9990778,533190,01,Autre
533190,210103,9993088,Myrmica,Myrm_rugi,9993088,533190,01,Autre
533190,210103,9991669,Myrmica,NA,9991669,533190,01,Autre
533190,210103,9991750,Myrmica,NA,9991750,533190,01,Autre
533190,210103,9990519,Myrmica,NA,9990519,533190,01,Autre
533190,210103,9990599,Myrmica,NA,9990599,533190,01,Autre
533190,210103,9993296,Myrmica,NA,9993296,533190,01,Autre
533190,210104,9991376,Myrmica,NA,9991376,533190,01,Autre
533190,210104,9992903,Myrmica,NA,9992903,533190,01,Autre
533190,210105,9990611,Serviformica,NA,9990611,533190,01,Autre
533190,210105,9992531,Myrmica,NA,9992531,533190,01,Autre
533190,210106,9993291,Manica,Mani_rubi,9993291,533190,01,Autre
533190,210106,9991370,Manica,Mani_rubi,9991370,533190,01,Autre
533190,210106,9991258,Myrmica,NA,9991258,533190,01,Autre
533190,210106,9993101,Myrmica,NA,9993101,533190,01,Autre
533190,210106,9993273,Myrmica,NA,9993273,533190,01,Autre
533190,210106,9991298,Myrmica,NA,9991298,533190,01,Autre
533190,210108,9991632,Myrmica,NA,9991632,533190,01,Autre
533190,210109,9992148,Myrmica,NA,9992148,533190,01,Autre
533190,210110,9992729,Tetramorium,NA,9992729,533190,01,Autre
533190,210110,9991838,Yellow Lasius,NA,9991838,533190,01,Autre
533190,210112,9993286,Yellow Lasius,NA,9993286,533190,01,Autre
533190,210112,9991487,Yellow Lasius,NA,9991487,533190,01,Autre
533190,210112,9992731,Yellow Lasius,NA,9992731,533190,01,Autre
533190,210112,9991007,Yellow Lasius,NA,9991007,533190,01,Autre
533190,210112,9991953,Myrmica,NA,9991953,533190,01,Autre
533190,210112,9991447,Myrmica,NA,9991447,533190,01,Autre
533190,210112,9990811,Myrmica,NA,9990811,533190,01,Autre
533190,210112,9990997,Myrmica,NA,9990997,533190,01,Autre
533190,210112,9991904,Serviformica,NA,9991904,533190,01,Autre
533190,210112,9992141,Serviformica,NA,9992141,533190,01,Autre
533190,210112,9990574,Serviformica,NA,9990574,533190,01,Autre
533190,210112,9991366,Serviformica,NA,9991366,533190,01,Autre
533190,210112,9990993,Serviformica,NA,9990993,533190,01,Autre
533190,210114,9992516,Myrmica,NA,9992516,533190,01,Autre
533190,210115,9993271,Myrmica,NA,9993271,533190,01,Autre
533190,210115,9991651,Myrmica,NA,9991651,533190,01,Autre
533190,210401,9991103,Myrmica,Myrm_rugi,9991103,533190,04,ForetConifere
533190,210401,9991162,Serviformica,NA,9991162,533190,04,ForetConifere
533190,210401,9991380,Serviformica,NA,9991380,533190,04,ForetConifere
533190,210401,9990785,Serviformica,NA,9990785,533190,04,ForetConifere
533190,210901,9990508,Manica,Mani_rubi,9990508,533190,09,lisiere
533190,211201,9991514,Serviformica,NA,9991514,533190,12,PrairieSeche
533190,211201,9990968,Myrmica,Myrm_rugi,9990968,533190,12,PrairieSeche
533190,211301,9991824,Myrmica,Myrm_rugi,9991824,533190,13,transport
533190,211301,9990902,Myrmica,Myrm_rugi,9990902,533190,13,transport
533190,211301,9991727,Myrmica,Myrm_rugi,9991727,533190,13,transport
533190,211301,9991386,Serviformica,NA,9991386,533190,13,transport
533190,211301,9993089,Serviformica,NA,9993089,533190,13,transport
533190,211301,9993077,Serviformica,NA,9993077,533190,13,transport
533190,210100,9990558,Yellow Lasius,NA,9990558,533190,01,Autre
533190,210100,9991361,Yellow Lasius,NA,9991361,533190,01,Autre
533190,210100,9990807,Yellow Lasius,NA,9990807,533190,01,Autre
533190,210100,9990682,Yellow Lasius,NA,9990682,533190,01,Autre
533190,210100,9991179,Yellow Lasius,NA,9991179,533190,01,Autre
533190,210100,9992541,Yellow Lasius,NA,9992541,533190,01,Autre
533190,210100,9992708,Yellow Lasius,NA,9992708,533190,01,Autre
533190,210100,9992146,Yellow Lasius,NA,9992146,533190,01,Autre
533190,210100,9990990,Yellow Lasius,NA,9990990,533190,01,Autre
533190,210100,9991966,Yellow Lasius,NA,9991966,533190,01,Autre
533190,210100,9993269,Yellow Lasius,NA,9993269,533190,01,Autre
533190,210100,9993282,Yellow Lasius,NA,9993282,533190,01,Autre
533190,210100,9990510,Yellow Lasius,NA,9990510,533190,01,Autre
533190,210100,9992526,Yellow Lasius,NA,9992526,533190,01,Autre
533190,210100,9991075,Yellow Lasius,NA,9991075,533190,01,Autre
533190,210100,9991063,Coptoformica,NA,9991063,533190,01,Autre
533190,210100,9991710,Coptoformica,NA,9991710,533190,01,Autre
533190,210100,9992305,Coptoformica,NA,9992305,533190,01,Autre
533190,210100,9991485,Coptoformica,NA,9991485,533190,01,Autre
533190,210100,9991913,Coptoformica,NA,9991913,533190,01,Autre
533190,210100,9993096,Formica,NA,9993096,533190,01,Autre
533190,210100,9991664,Formica,NA,9991664,533190,01,Autre
533190,210900,9992135,Formica,NA,9992135,533190,09,lisiere
539158,130111,9990153,Lasius,Lasi_flav,9990153,539158,01,Autre
539158,130111,9990161,Myrmica,Myrm_scab,9990161,539158,01,Autre
539158,130111,9990169,Myrmica,Myrm_scab,9990169,539158,01,Autre
539158,130111,9990127,Lasius,NA,9990127,539158,01,Autre
539158,130111,9990129,Formica,NA,9990129,539158,01,Autre
539158,130111,9990130,Formica,NA,9990130,539158,01,Autre
539158,130106,9990137,Lasius,NA,9990137,539158,01,Autre
539158,130106,9990120,Lasius,NA,9990120,539158,01,Autre
539158,130108,9990166,Lasius,NA,9990166,539158,01,Autre
539158,130404,9990286,Leptothorax,NA,9990286,539158,04,ForetConifere
539158,130402,9990227,Myrmica,Myrm_rugi,9990227,539158,04,ForetConifere
539158,131301,9990265,Formica SS,NA,9990265,539158,13,transport
539158,131301,9990284,Lasius,NA,9990284,539158,13,transport
539158,131301,9990160,Lasius,NA,9990160,539158,13,transport
539158,130502,9990035,Myrmica,Myrm_rugi,9990035,539158,05,ForetFeuillus
539158,130505,9990118,Lasius,NA,9990118,539158,05,ForetFeuillus
539158,130505,9990077,Myrmica,Myrm_rugi,9990077,539158,05,ForetFeuillus
539158,130504,9990232,Myrmica,Myrm_rugi,9990232,539158,05,ForetFeuillus
539158,130602,9990214,Leptothorax,NA,9990214,539158,06,ForetMixe
539158,130605,9990192,Myrmica,Myrm_rugi,9990192,539158,06,ForetMixe
539158,130605,9990222,Myrmica,Myrm_rugi,9990222,539158,06,ForetMixe
539158,130604,9990203,Myrmica,Myrm_rugi,9990203,539158,06,ForetMixe
539158,130604,9990212,Lasius,NA,9990212,539158,06,ForetMixe
539158,130506,9990097,Myrmica,Myrm_rugi,9990097,539158,05,ForetFeuillus
539158,130506,9990157,Myrmica,Myrm_rugi,9990157,539158,05,ForetFeuillus
539158,130506,9990119,Myrmica,Myrm_rugi,9990119,539158,05,ForetFeuillus
539158,130506,9990085,Serviformica,NA,9990085,539158,05,ForetFeuillus
539158,130506,9990176,Lasius,NA,9990176,539158,05,ForetFeuillus
539158,130603,9990198,Myrmica,Myrm_rugi,9990198,539158,06,ForetMixe
539158,130101,9990216,Lasius,NA,9990216,539158,01,Autre
539158,130100,9990102,Serviformica,NA,9990102,539158,01,Autre
539158,130100,9990122,Serviformica,NA,9990122,539158,01,Autre
539158,130100,9990123,Serviformica,NA,9990123,539158,01,Autre
539158,130100,9990125,Serviformica,NA,9990125,539158,01,Autre
539158,130100,9990138,Serviformica,NA,9990138,539158,01,Autre
539158,130100,9990132,Lasius,NA,9990132,539158,01,Autre
539158,130100,9990091,Lasius,NA,9990091,539158,01,Autre
539158,130100,9990186,Lasius,NA,9990186,539158,01,Autre
539158,130100,9990149,Lasius,NA,9990149,539158,01,Autre
539158,130100,9990182,Lasius,NA,9990182,539158,01,Autre
539158,130100,9990095,Lasius,NA,9990095,539158,01,Autre
539158,130100,9990189,Lasius,Lasi_flav,9990189,539158,01,Autre
539158,130100,9990159,Lasius,Lasi_flav,9990159,539158,01,Autre
539158,130100,9990113,Lasius,NA,9990113,539158,01,Autre
539174,250101,9991732,Solenopsis,Sole_fuga,9991732,539174,01,Autre
539174,250101,9991703,Formica,Form_rufi,9991703,539174,01,Autre
539174,250101,9990879,Yellow Lasius,NA,9990879,539174,01,Autre
539174,250101,9991264,Lasius,NA,9991264,539174,01,Autre
539174,250101,9991266,Lasius,NA,9991266,539174,01,Autre
539174,250102,9990612,Yellow Lasius,NA,9990612,539174,01,Autre
539174,250102,9991324,Yellow Lasius,NA,9991324,539174,01,Autre
539174,250111,9991762,Lasius,NA,9991762,539174,01,Autre
539174,250114,9990491,Lasius,NA,9990491,539174,01,Autre
539174,250114,9992304,Lasius,NA,9992304,539174,01,Autre
539174,250117,9991877,Lasius,NA,9991877,539174,01,Autre
539174,250301,9992499,Lasius,NA,9992499,539174,03,CulturePerm
539174,250301,9990736,Tetramorium,NA,9990736,539174,03,CulturePerm
539174,250301,9993111,Lasius,NA,9993111,539174,03,CulturePerm
539174,250301,9992330,Tetramorium,NA,9992330,539174,03,CulturePerm
539174,250301,9991269,Lasius,NA,9991269,539174,03,CulturePerm
539174,250301,9993108,Lasius,NA,9993108,539174,03,CulturePerm
539174,250601,9991679,Temnothorax,NA,9991679,539174,06,ForetMixe
539174,250901,9990672,Yellow Lasius,NA,9990672,539174,09,lisiere
539174,250901,9990684,Lasius,Lasi_fuli,9990684,539174,09,lisiere
539174,250901,9990868,Temnothorax,NA,9990868,539174,09,lisiere
539174,251501,9992917,Yellow Lasius,NA,9992917,539174,15,ZoneConstruite
539174,251501,9990871,Yellow Lasius,NA,9990871,539174,15,ZoneConstruite
539174,251501,9991963,Lasius,NA,9991963,539174,15,ZoneConstruite
539174,251501,9991956,Lasius,NA,9991956,539174,15,ZoneConstruite
539174,251501,9991390,Serviformica,NA,9991390,539174,15,ZoneConstruite
539174,251502,9991871,Tetramorium,NA,9991871,539174,15,ZoneConstruite
539174,251502,9991279,Tetramorium,NA,9991279,539174,15,ZoneConstruite
539174,251502,9992892,Yellow Lasius,NA,9992892,539174,15,ZoneConstruite
539174,251502,9991673,Lasius,NA,9991673,539174,15,ZoneConstruite
539174,251502,9991356,Lasius,NA,9991356,539174,15,ZoneConstruite
539174,250100,9990496,Yellow Lasius,NA,9990496,539174,01,Autre
539174,250100,9991667,Lasius,NA,9991667,539174,01,Autre
539174,250100,9991454,Lasius,NA,9991454,539174,01,Autre
539174,250600,9991375,Lasius,Lasi_fuli,9991375,539174,06,ForetMixe
539190,200101,9990289,Myrmica,Myrm_sabu,9990289,539190,01,Autre
539190,200101,9990304,Myrmica,Myrm_scab,9990304,539190,01,Autre
539190,200103,9990575,Myrmica,Myrm_scab,9990575,539190,01,Autre
539190,200103,9991198,Myrmica,Myrm_sabu,9991198,539190,01,Autre
539190,200104,9990108,Myrmica,Myrm_sabu,9990108,539190,01,Autre
539190,200104,9990569,Myrmica,Myrm_scab,9990569,539190,01,Autre
539190,200104,9991567,Myrmica,Myrm_scab,9991567,539190,01,Autre
539190,200105,9990622,Myrmica,NA,9990622,539190,01,Autre
539190,200105,9991532,Myrmica,Myrm_scab,9991532,539190,01,Autre
539190,200105,9991539,Myrmica,Myrm_scab,9991539,539190,01,Autre
539190,200105,9992542,Myrmica,Myrm_scab,9992542,539190,01,Autre
539190,200604,9990545,Myrmica,Myrm_rugi,9990545,539190,06,ForetMixe
539190,200100,9990372,Coptoformica,NA,9990372,539190,01,Autre
539190,200100,9990319,Coptoformica,NA,9990319,539190,01,Autre
539190,200100,9990291,Coptoformica,NA,9990291,539190,01,Autre
539190,200100,9990763,Coptoformica,NA,9990763,539190,01,Autre
539190,200100,9991311,Coptoformica,NA,9991311,539190,01,Autre
539190,200100,9990345,Coptoformica,NA,9990345,539190,01,Autre
539190,200100,9990185,Coptoformica,NA,9990185,539190,01,Autre
539190,200100,9991773,Coptoformica,NA,9991773,539190,01,Autre
539190,200600,9991834,Formica,Form_lugubris/paralugubris,9991834,539190,06,ForetMixe
545150,120102,9990698,Lasius,NA,9990698,545150,01,Autre
545150,120106,9991723,Lasius,NA,9991723,545150,01,Autre
545150,120107,9991678,Solenopsis,Sole_fuga,9991678,545150,01,Autre
545150,120108,9990700,Yellow Lasius,NA,9990700,545150,01,Autre
545150,120108,9991509,Lasius,NA,9991509,545150,01,Autre
545150,120109,9990949,Lasius,NA,9990949,545150,01,Autre
545150,120109,9990608,Lasius,NA,9990608,545150,01,Autre
545150,120301,9990987,Yellow Lasius,NA,9990987,545150,03,CulturePerm
545150,120301,9991281,Yellow Lasius,NA,9991281,545150,03,CulturePerm
545150,120301,9992532,Solenopsis,Sole_fuga,9992532,545150,03,CulturePerm
545150,120301,9991389,Lasius,NA,9991389,545150,03,CulturePerm
545150,120301,9990483,Lasius,NA,9990483,545150,03,CulturePerm
545150,120301,9993107,Tetramorium,NA,9993107,545150,03,CulturePerm
545150,120601,9991477,Temnothorax,NA,9991477,545150,06,ForetMixe
545150,120701,9991099,Tapinoma,NA,9991099,545150,07,Graviere
545150,121201,9990699,Lasius,NA,9990699,545150,12,PrairieSeche
545150,121201,9990903,Lasius,NA,9990903,545150,12,PrairieSeche
545150,121301,9991358,Lasius,NA,9991358,545150,13,transport
545150,121505,9990397,Tetramorium,NA,9990397,545150,15,ZoneConstruite
545150,120100,9991144,Lasius,NA,9991144,545150,01,Autre
545166,140101,9990507,Tetramorium,NA,9990507,545166,01,Autre
545166,140101,9991448,Yellow Lasius,NA,9991448,545166,01,Autre
545166,140105,9990421,Lasius,NA,9990421,545166,01,Autre
545166,140109,9993278,Myrmica,NA,9993278,545166,01,Autre
545166,140109,9990618,Myrmica,NA,9990618,545166,01,Autre
545166,140113,9991098,Lasius,NA,9991098,545166,01,Autre
545166,140401,9991685,Myrmica,Myrm_rugi,9991685,545166,04,ForetConifere
545166,140601,9990514,Myrmica,Myrm_rugi,9990514,545166,06,ForetMixe
545166,141301,9991836,Lasius,NA,9991836,545166,13,transport
545166,141301,9991929,Yellow Lasius,NA,9991929,545166,13,transport
545166,141301,9990412,Lasius,NA,9990412,545166,13,transport
545166,141301,9991519,Lasius,NA,9991519,545166,13,transport
545166,141501,9990679,Yellow Lasius,NA,9990679,545166,15,ZoneConstruite
545166,141501,9992152,Yellow Lasius,NA,9992152,545166,15,ZoneConstruite
545166,141502,9992894,Yellow Lasius,NA,9992894,545166,15,ZoneConstruite
545166,141503,9991329,Lasius,NA,9991329,545166,15,ZoneConstruite
545166,141503,9993075,Yellow Lasius,NA,9993075,545166,15,ZoneConstruite
545166,141503,9991452,Yellow Lasius,NA,9991452,545166,15,ZoneConstruite
545166,141503,9991841,Yellow Lasius,NA,9991841,545166,15,ZoneConstruite
545166,141503,9991484,Yellow Lasius,NA,9991484,545166,15,ZoneConstruite
545182,180104,9991563,Lasius,Lasi_flav,9991563,545182,01,Autre
545182,180104,9992307,Lasius,Lasi_flav,9992307,545182,01,Autre
545182,180901,9990061,Myrmica,Myrm_rugi,9990061,545182,09,lisiere
545182,180108,9990126,Lasius,Lasi_nige,9990126,545182,01,Autre
545182,180110,9990517,Lasius,Lasi_alie,9990517,545182,01,Autre
545182,180111,9990311,Lasius,Lasi_alie,9990311,545182,01,Autre
545182,180111,9990363,Lasius,Lasi_alie,9990363,545182,01,Autre
545182,180114,9992701,Lasius,Lasi_nige,9992701,545182,01,Autre
545182,180114,9991494,Lasius,Lasi_nige,9991494,545182,01,Autre
545182,180114,9991137,Lasius,Lasi_nige,9991137,545182,01,Autre
545182,180118,9991094,Tapinoma,erraticum,9991094,545182,01,Autre
545182,180118,9990312,Tapinoma,erraticum,9990312,545182,01,Autre
545182,180401,9990320,Lasius,Lasi_fuli,9990320,545182,04,ForetConifere
545182,180401,9990307,Temnothorax,Temn_nyla,9990307,545182,04,ForetConifere
545182,180401,9990333,Temnothorax,Temn_nyla,9990333,545182,04,ForetConifere
545182,180401,9992706,Temnothorax,Temn_nyla,9992706,545182,04,ForetConifere
545182,180104,9990347,Lasius,Lasi_alie,9990347,545182,01,Autre
545182,180101,9990932,Formica,Form_cuni,9990932,545182,01,Autre
545182,180501,9991104,Myrmica,Myrm_rugi,9991104,545182,05,ForetFeuillus
545182,180501,9991845,Temnothorax,Temn_nyla,9991845,545182,05,ForetFeuillus
545182,180601,9990761,Temnothorax,Temn_nyla,9990761,545182,06,ForetMixe
545182,180901,9991110,Temnothorax,Temn_nyla,9991110,545182,09,lisiere
545182,181301,9990332,Lasius,Lasi_flav,9990332,545182,13,transport
545182,181301,9990295,Lasius,Lasi_nige,9990295,545182,13,transport
545190,190103,9991881,Serviformica,NA,9991881,545190,01,Autre
545190,190104,9990131,Yellow Lasius,NA,9990131,545190,01,Autre
545190,190104,9991513,Lasius,NA,9991513,545190,01,Autre
545190,190104,9990253,Lasius,NA,9990253,545190,01,Autre
545190,190105,9992503,Serviformica,NA,9992503,545190,01,Autre
545190,190105,9991748,Lasius,NA,9991748,545190,01,Autre
545190,190105,9991377,Lasius,NA,9991377,545190,01,Autre
545190,190105,9991829,Yellow Lasius,NA,9991829,545190,01,Autre
545190,190105,9990324,Yellow Lasius,NA,9990324,545190,01,Autre
545190,190105,9992498,Yellow Lasius,NA,9992498,545190,01,Autre
545190,190301,9990933,Myrmica,Myrm_lona,9990933,545190,03,CulturePerm
545190,190501,9991128,Temnothorax,NA,9991128,545190,05,ForetFeuillus
545190,190504,9992502,Temnothorax,NA,9992502,545190,05,ForetFeuillus
545190,190505,9990047,Temnothorax,NA,9990047,545190,05,ForetFeuillus
545190,190506,9990344,Temnothorax,NA,9990344,545190,05,ForetFeuillus
545190,190507,9990084,Serviformica,NA,9990084,545190,05,ForetFeuillus
545190,190509,9992334,Temnothorax,NA,9992334,545190,05,ForetFeuillus
545190,190510,9990321,Temnothorax,NA,9990321,545190,05,ForetFeuillus
545190,190602,9993310,Temnothorax,NA,9993310,545190,06,ForetMixe
545190,190602,9992314,Temnothorax,NA,9992314,545190,06,ForetMixe
545190,190901,9991941,Lasius,Lasi_brun,9991941,545190,09,lisiere
545190,191201,9991305,Myrmica,Myrm_lona,9991305,545190,12,PrairieSeche
545190,191201,9990941,Solenopsis,Sole_fuga,9990941,545190,12,PrairieSeche
545190,191301,9990014,Solenopsis,Sole_fuga,9990014,545190,13,transport
545190,190100,9991698,Formica,Form_rufi,9991698,545190,01,Autre
545190,190400,9991856,Formica SS,NA,9991856,545190,04,ForetConifere
545190,191300,9990269,Tetramorium,NA,9990269,545190,13,transport
545190,190300,9990256,Tetramorium,NA,9990256,545190,03,CulturePerm
551158,110102,9991731,Lasius,NA,9991731,551158,01,Autre
551158,110102,9990407,Lasius,NA,9990407,551158,01,Autre
551158,110103,9991637,Lasius,NA,9991637,551158,01,Autre
551158,110104,9992921,Lasius,NA,9992921,551158,01,Autre
551158,110104,9991825,Lasius,NA,9991825,551158,01,Autre
551158,110601,9992151,Temnothorax,NA,9992151,551158,06,ForetMixe
551158,111501,9992116,Lasius,NA,9992116,551158,15,ZoneConstruite
551158,110500,9991666,Lasius,Lasi_fuli,9991666,551158,05,ForetFeuillus
551174,150102,9990759,Lasius,Lasi_nige,9990759,551174,01,Autre
551174,150102,9991680,Tetramorium,NA,9991680,551174,01,Autre
551174,150104,9990722,Lasius,Lasi_flav,9990722,551174,01,Autre
551174,150104,9990721,Lasius,Lasi_flav,9990721,551174,01,Autre
551174,150104,9990177,Lasius,Lasi_flav,9990177,551174,01,Autre
551174,150104,9990927,Lasius,Lasi_flav,9990927,551174,01,Autre
551174,150104,9991119,Lasius,Lasi_flav,9991119,551174,01,Autre
551174,150105,9990931,Lasius,Lasi_flav,9990931,551174,01,Autre
551174,150105,9991499,Lasius,Lasi_nige,9991499,551174,01,Autre
551174,150105,9991126,Lasius,Lasi_nige,9991126,551174,01,Autre
551174,150105,9990041,Lasius,Lasi_nige,9990041,551174,01,Autre
551174,150105,9990069,Lasius,Lasi_nige,9990069,551174,01,Autre
551174,150109,9990330,Formica,Form_rufa,9990330,551174,01,Autre
551174,150110,9990723,Lasius,Lasi_nige,9990723,551174,01,Autre
551174,150111,9990294,Lasius,Lasi_nige,9990294,551174,01,Autre
551174,150112,9990142,Myrmica,Myrm_sabu,9990142,551174,01,Autre
551174,150112,9990156,Myrmica,Myrm_sabu,9990156,551174,01,Autre
551174,150112,9990946.1,Lasius,Lasi_nige,9990946,551174,01,Autre
551174,150112,9990946.2,Lasius,Lasi_flav,9990946,551174,01,Autre
551174,150111,9990298,Lasius,Lasi_nige,9990298,551174,01,Autre
551174,150112,9990937,Formica,Form_rufa,9990937,551174,01,Autre
551174,150114,9990287,Lasius,Lasi_nige,9990287,551174,01,Autre
551174,150114,9990039,Lasius,Lasi_nige,9990039,551174,01,Autre
551174,150114,9991111,Lasius,Lasi_nige,9991111,551174,01,Autre
551174,150114,9990944,Lasius,Lasi_nige,9990944,551174,01,Autre
551174,150114,9991495,Lasius,Lasi_nige,9991495,551174,01,Autre
551174,150501,9990308,Myrmica,Myrm_rugi,9990308,551174,05,ForetFeuillus
551174,150501,9991142,Myrmica,Myrm_rugi,9991142,551174,05,ForetFeuillus
551174,150503,9990302,Myrmica,Myrm_rugi,9990302,551174,05,ForetFeuillus
551174,150601,9990293,Myrmica,Myrm_rugi,9990293,551174,06,ForetMixe
551174,150601,9990318,Myrmica,Myrm_rugi,9990318,551174,06,ForetMixe
551174,NA,9990935,Formica,Form_rufa,9990935,551174,NA,NA
551174,150400,9990331,Camponotus,Camp_lign,9990331,551174,04,ForetConifere
557134,060103,9991714,Myrmica,NA,9991714,557134,01,Autre
557134,060103,9991752,Lasius,NA,9991752,557134,01,Autre
557134,060402,9990402,Myrmica,Myrm_rubr,9990402,557134,04,ForetConifere
557134,060402,9990964,Temnothorax,NA,9990964,557134,04,ForetConifere
557134,060501,9990591,Myrmica,Myrm_rugi,9990591,557134,05,ForetFeuillus
557134,060502,9990616,Myrmica,Myrm_rugi,9990616,557134,05,ForetFeuillus
557134,060502,9992919,Lasius,NA,9992919,557134,05,ForetFeuillus
557134,060602,9993279,Myrmica,Myrm_rubr,9993279,557134,06,ForetMixe
557150,100101,9990678,Lasius,NA,9990678,557150,01,Autre
557150,100101,9990886,Lasius,NA,9990886,557150,01,Autre
557150,100101,9991837,Yellow Lasius,NA,9991837,557150,01,Autre
557150,100101,9991278,Yellow Lasius,NA,9991278,557150,01,Autre
557150,100101,9991639,Yellow Lasius,NA,9991639,557150,01,Autre
557150,100101,9991458,Yellow Lasius,NA,9991458,557150,01,Autre
557150,100102,9990875,Formica,Form_cuni,9990875,557150,01,Autre
557150,100102,9991292,Temnothorax,Temn_lute,9991292,557150,01,Autre
557150,100103,9991290,Temnothorax,NA,9991290,557150,01,Autre
557150,100103,9990677,Formica,Form_rufi,9990677,557150,01,Autre
557150,100106,9991467,Yellow Lasius,NA,9991467,557150,01,Autre
557150,100107,9991345,Tetramorium,NA,9991345,557150,01,Autre
557150,100107,9991351,Lasius,NA,9991351,557150,01,Autre
557150,100107,9990773,Formica,Form_cuni,9990773,557150,01,Autre
557150,100109,9992113,Lasius,NA,9992113,557150,01,Autre
557150,100109,9991635,Yellow Lasius,NA,9991635,557150,01,Autre
557150,100109,9990867,Yellow Lasius,NA,9990867,557150,01,Autre
557150,100110,9991738,Lasius,NA,9991738,557150,01,Autre
557150,100501,9992915,Lasius,Lasi_fuli,9992915,557150,05,ForetFeuillus
557150,100902,9992733,Formica SS,NA,9992733,557150,09,lisiere
557150,100902,9991945,Myrmica,Myrm_rugi,9991945,557150,09,lisiere
557150,100903,9993099,Aphaenogaster,Apha_subt,9993099,557150,09,lisiere
557150,100903,9992923,Aphaenogaster,Apha_subt,9992923,557150,09,lisiere
557150,100903,9993306,Temnothorax,NA,9993306,557150,09,lisiere
557150,100903,9992310,Myrmica,Myrm_rugi,9992310,557150,09,lisiere
557150,101201,9991122,Myrmica,Myrm_rubr,9991122,557150,12,PrairieSeche
557150,101201,9993302,Colobopsis,Colo_trun,9993302,557150,12,PrairieSeche
557150,101202,9993086,Yellow Lasius,NA,9993086,557150,12,PrairieSeche
557150,101301,9992118,Lasius,Lasi_fuli,9992118,557150,13,transport
557150,101301,9991638,Lasius,Lasi_brun,9991638,557150,13,transport
557150,101502,9993102,Yellow Lasius,NA,9993102,557150,15,ZoneConstruite
557150,101502,9993307,Lasius,NA,9993307,557150,15,ZoneConstruite
557150,101502,9993303,Lasius,NA,9993303,557150,15,ZoneConstruite
557150,101503,9990758,Myrmica,Myrm_sche,9990758,557150,15,ZoneConstruite
557150,100100,9993267,Lasius,NA,9993267,557150,01,Autre
557150,100107,9991753,Tetramorium,NA,9991753,557150,01,Autre
563126,020102,9991145,Lasius,NA,9991145,563126,01,Autre
563126,020103,9991076,Formica,Form_rufi,9991076,563126,01,Autre
563126,020103,9991910,Solenopsis,Sole_fuga,9991910,563126,01,Autre
563126,020103,9991701,Solenopsis,Sole_fuga,9991701,563126,01,Autre
563126,020105,9991057,Lasius,NA,9991057,563126,01,Autre
563126,020108,9990897,Yellow Lasius,NA,9990897,563126,01,Autre
563126,020108,9991087,Lasius,NA,9991087,563126,01,Autre
563126,020108,9990953,Lasius,NA,9990953,563126,01,Autre
563126,020108,9991508,Solenopsis,Sole_fuga,9991508,563126,01,Autre
563126,020111,9991455,Solenopsis,Sole_fuga,9991455,563126,01,Autre
563126,020111,9991702,Myrmica,NA,9991702,563126,01,Autre
563126,020401,9991115,Lasius,NA,9991115,563126,04,ForetConifere
563126,020401,9991915,Lasius,Lasi_fuli,9991915,563126,04,ForetConifere
563126,020501,9991895,Myrmica,Myrm_rubr,9991895,563126,05,ForetFeuillus
563126,020501,9993093,Temnothorax,NA,9993093,563126,05,ForetFeuillus
563126,020501,9992722,Myrmica,Myrm_rubr,9992722,563126,05,ForetFeuillus
563126,020901,9991369,Yellow Lasius,NA,9991369,563126,09,lisiere
563126,020901,9991940,Myrmica,NA,9991940,563126,09,lisiere
563126,020901,9992543,Solenopsis,Sole_fuga,9992543,563126,09,lisiere
563126,021302,9991470,Solenopsis,Sole_fuga,9991470,563126,13,transport
563142,090101,9990957,Myrmica,Myrm_rugi,9990957,563142,01,Autre
563142,090101,9990004,Tetramorium,NA,9990004,563142,01,Autre
563142,090101,9990945,Manica,Mani_rubi,9990945,563142,01,Autre
563142,090102,9991743,Formica,Form_lema,9991743,563142,01,Autre
563142,090103,9990726,Myrmica,Myrm_scab,9990726,563142,01,Autre
563142,090103,9991349,Tapinoma,NA,9991349,563142,01,Autre
563142,090105,9990078,Formica,Form_lugubris/paralugubris,9990078,563142,01,Autre
563142,090107,9991500,Formica,Form_lema,9991500,563142,01,Autre
563142,090501,9991537,Myrmica,Myrm_rugi,9991537,563142,05,ForetFeuillus
563142,090100,9991147,Formica,Form_rufa,9991147,563142,01,Autre
563190,160101,9992721,Lasius,NA,9992721,563190,01,Autre
563190,160101,9992926,Lasius,NA,9992926,563190,01,Autre
563190,160101,9991842,Tetramorium,NA,9991842,563190,01,Autre
563190,160102,9993290,Lasius,NA,9993290,563190,01,Autre
563190,160102,9990870,Solenopsis,Sole_fuga,9990870,563190,01,Autre
563190,160107,9990735,Lasius,NA,9990735,563190,01,Autre
563190,160108,9991890,Lasius,NA,9991890,563190,01,Autre
563190,160110,9992697,Lasius,NA,9992697,563190,01,Autre
563190,160112,9991456,Lasius,NA,9991456,563190,01,Autre
563190,160112,9991663,Lasius,NA,9991663,563190,01,Autre
563190,160112,9992533,Solenopsis,Sole_fuga,9992533,563190,01,Autre
563190,160112,9991283,Yellow Lasius,NA,9991283,563190,01,Autre
563190,160113,9991962,Lasius,NA,9991962,563190,01,Autre
563190,160114,9991522,Lasius,NA,9991522,563190,01,Autre
563190,160114,9993304,Myrmica,NA,9993304,563190,01,Autre
563190,160114,9991843,Yellow Lasius,NA,9991843,563190,01,Autre
563190,160115,9990571,Lasius,NA,9990571,563190,01,Autre
563190,160115,9991446,Lasius,NA,9991446,563190,01,Autre
563190,160116,9991260,Myrmica,Myrm_rubr,9991260,563190,01,Autre
563190,160116,9990894,Temnothorax,NA,9990894,563190,01,Autre
563190,160116,9991166,Temnothorax,NA,9991166,563190,01,Autre
563190,160116,9992317,Temnothorax,NA,9992317,563190,01,Autre
563190,160116,9993116,Temnothorax,NA,9993116,563190,01,Autre
563190,160501,9991511,Formica,NA,9991511,563190,05,ForetFeuillus
563190,160501,9992138,Temnothorax,NA,9992138,563190,05,ForetFeuillus
563190,160901,9991090,Lasius,NA,9991090,563190,09,lisiere
563190,160901,9990702,Myrmica,Myrm_rubr,9990702,563190,09,lisiere
563190,160901,9990965,Myrmica,Myrm_rubr,9990965,563190,09,lisiere
563190,161301,9991848,Lasius,Lasi_fuli,9991848,563190,13,transport
563190,161301,9990418,Lasius,NA,9990418,563190,13,transport
563190,161301,9991918,Lasius,NA,9991918,563190,13,transport
563190,161301,9990926,Yellow Lasius,NA,9990926,563190,13,transport
563190,161301,9991686,Yellow Lasius,NA,9991686,563190,13,transport
569118,010102,9991661,Myrmica,NA,9991661,569118,01,Autre
569118,010102,9991079,Serviformica,NA,9991079,569118,01,Autre
569118,010103,9991093,Tetramorium,NA,9991093,569118,01,Autre
569118,010103,9992924,Formica,NA,9992924,569118,01,Autre
569118,010105,9991193,Myrmica,NA,9991193,569118,01,Autre
569118,010105,9991900,Yellow Lasius,NA,9991900,569118,01,Autre
569118,010105,9990619,Tetramorium,NA,9990619,569118,01,Autre
569118,010105,9992329,Tetramorium,NA,9992329,569118,01,Autre
569118,010105,9990505,Tetramorium,NA,9990505,569118,01,Autre
569118,010105,9991300.1,Formica,Form_lugubris/paralugubris,9991300,569118,01,Autre
569118,010105,9991300.2,Formicoxenus,Formx_niti,9991300,569118,01,Autre
569118,010106,9990520,Formica,NA,9990520,569118,01,Autre
569118,010109,9990963,Myrmica,NA,9990963,569118,01,Autre
569118,010109,9991368,Tetramorium,NA,9991368,569118,01,Autre
569118,010109,9991756,Formica,Form_lugubris/paralugubris,9991756,569118,01,Autre
569118,010109,9990623,Formica,Form_lema,9990623,569118,01,Autre
569118,010404,9990979,Camponotus,NA,9990979,569118,04,ForetConifere
569118,010404,9991275,Myrmica,NA,9991275,569118,04,ForetConifere
569118,010406,9992153,Myrmica,NA,9992153,569118,04,ForetConifere
569118,010406,9991170,Camponotus,NA,9991170,569118,04,ForetConifere
569118,010501,9990563,Camponotus,NA,9990563,569118,05,ForetFeuillus
569118,010101,9990590,Lasius,NA,9990590,569118,01,Autre
569118,010101,9991176,Serviformica,NA,9991176,569118,01,Autre
569118,010101,9991744,Serviformica,NA,9991744,569118,01,Autre
569118,010101,9990985,Serviformica,NA,9990985,569118,01,Autre
569118,010101,9990683,Myrmica,NA,9990683,569118,01,Autre
569118,010101,9991476,Myrmica,NA,9991476,569118,01,Autre
569118,010902,9991870,Serviformica,NA,9991870,569118,09,lisiere
569118,010902,9990582,Serviformica,NA,9990582,569118,09,lisiere
569118,010903,9990977,Serviformica,NA,9990977,569118,09,lisiere
569118,010903,9991674,Serviformica,NA,9991674,569118,09,lisiere
569118,010903,9991252,Serviformica,NA,9991252,569118,09,lisiere
569118,011301,9990588,Formica,NA,9990588,569118,13,transport
569118,011301,9990794,Myrmica,NA,9990794,569118,13,transport
569118,011301,9990511,Manica,Mani_rubi,9990511,569118,13,transport
569118,011301,9991182,Myrmica,NA,9991182,569118,13,transport
569118,011301,9991769,Serviformica,NA,9991769,569118,13,transport
569118,010100,9990525,Coptoformica,NA,9990525,569118,01,Autre
569118,010100,9990955,Formica,NA,9990955,569118,01,Autre
569118,010600,9992154,Formica,NA,9992154,569118,06,ForetMixe
569134,050101,9990136,Lasius,Lasi_flav,9990136,569134,01,Autre
569134,050101,9990028,Myrmica,Myrm_rubr,9990028,569134,01,Autre
569134,050101,9990141,Myrmica,Myrm_rubr,9990141,569134,01,Autre
569134,050102,9991528,Tapinoma,NA,9991528,569134,01,Autre
569134,050102,9990116,Tapinoma,NA,9990116,569134,01,Autre
569134,050103,9990115,Formica SS,NA,9990115,569134,01,Autre
569134,050103,9990201,Formica,Form_rufi,9990201,569134,01,Autre
569134,050103,9990180,Lasius,Lasi_flav,9990180,569134,01,Autre
569134,050103,9990240,Lasius,Lasi_flav,9990240,569134,01,Autre
569134,050106,9990376,Lasius,Lasi_flav,9990376,569134,01,Autre
569134,050401,9991524,Myrmica,Myrm_rugi,9991524,569134,04,ForetConifere
569134,050403,9991296,Myrmica,Myrm_rugi,9991296,569134,04,ForetConifere
569134,050404,9990210,Myrmica,Myrm_rugi,9990210,569134,04,ForetConifere
569134,050404,9990241,Myrmica,Myrm_rugi,9990241,569134,04,ForetConifere
569134,050406,9990365,Myrmica,Myrm_rugi,9990365,569134,04,ForetConifere
569134,050602,9990273,Serviformica,NA,9990273,569134,06,ForetMixe
569134,050602,9990173,Myrmica,Myrm_rugi,9990173,569134,06,ForetMixe
569134,050602,9990043,Myrmica,Myrm_rugi,9990043,569134,06,ForetMixe
569134,050603,9990387,Myrmica,Myrm_rugi,9990387,569134,06,ForetMixe
569134,050901,9990072,Serviformica,NA,9990072,569134,09,lisiere
569134,050901,9990764,Serviformica,NA,9990764,569134,09,lisiere
569134,050901,9990092,Myrmica,Myrm_rugi,9990092,569134,09,lisiere
569134,050901,9990001,Myrmica,Myrm_rugi,9990001,569134,09,lisiere
569134,050902,9990337,Myrmica,Myrm_rubr,9990337,569134,09,lisiere
569134,050903,9991583,Myrmica,Myrm_rugi,9991583,569134,09,lisiere
569134,050903,9990385,Myrmica,Myrm_sabu,9990385,569134,09,lisiere
569134,051502,9990029,Tapinoma,NA,9990029,569134,15,ZoneConstruite
569134,050100,9990297,Formica SS,NA,9990297,569134,01,Autre
569134,050100,9990379,Formica SS,NA,9990379,569134,01,Autre
569134,050500,9990383,Formica,Form_prat,9990383,569134,05,ForetFeuillus
569198,170103,9990596,Solenopsis,Sole_fuga,9990596,569198,01,Autre
569198,170103,9993104,Yellow Lasius,NA,9993104,569198,01,Autre
569198,170105,9990716,Lasius,NA,9990716,569198,01,Autre
569198,170107,9991772,Lasius,NA,9991772,569198,01,Autre
569198,170107,9990930,Yellow Lasius,NA,9990930,569198,01,Autre
569198,170109,9993083,Myrmica,NA,9993083,569198,01,Autre
569198,170110,9990497,Solenopsis,Sole_fuga,9990497,569198,01,Autre
569198,170110,9991188,Tetramorium,NA,9991188,569198,01,Autre
569198,170110,9991357,Yellow Lasius,NA,9991357,569198,01,Autre
569198,170111,9991285,Tapinoma,NA,9991285,569198,01,Autre
569198,170301,9991844,Lasius,NA,9991844,569198,03,CulturePerm
569198,170301,9992690,Lasius,NA,9992690,569198,03,CulturePerm
569198,170301,9990501,Solenopsis,Sole_fuga,9990501,569198,03,CulturePerm
569198,170301,9990813,Solenopsis,Sole_fuga,9990813,569198,03,CulturePerm
569198,170301,9990587,Yellow Lasius,NA,9990587,569198,03,CulturePerm
569198,170401,9991733,Myrmica,Myrm_rugi,9991733,569198,04,ForetConifere
569198,170402,9991730,Temnothorax,NA,9991730,569198,04,ForetConifere
569198,170501,9990934,Tetramorium,NA,9990934,569198,05,ForetFeuillus
569198,170501,9991091,Tetramorium,NA,9991091,569198,05,ForetFeuillus
569198,170501,9991124,Tetramorium,NA,9991124,569198,05,ForetFeuillus
569198,170501,9991378,Tetramorium,NA,9991378,569198,05,ForetFeuillus
569198,170501,9991905,Tetramorium,NA,9991905,569198,05,ForetFeuillus
569198,170901,9991659,Serviformica,NA,9991659,569198,09,lisiere
569198,170901,9991199,Temnothorax,NA,9991199,569198,09,lisiere
563190,160108,9990713,Tetramorium,NA,9990713,563190,01,Autre
563190,160108,9992728,Tetramorium,NA,9992728,563190,01,Autre
563190,160108,9990873,Yellow Lasius,NA,9990873,563190,01,Autre
57201203,410102,9990938,Formica,Form_lugubris/paralugubris,9990938,57201203,01,Autre
57201203,410102,9990010,Serviformica,NA,9990010,57201203,01,Autre
57201203,410103,9990395,Serviformica,NA,9990395,57201203,01,Autre
57201203,410104,9990181,Formica,Form_lugubris/paralugubris,9990181,57201203,01,Autre
57201203,410107,9990950,Serviformica,NA,9990950,57201203,01,Autre
57201203,410107,9991580,Myrmica,Myrm_rugi,9991580,57201203,01,Autre
57201203,410109,9990279,Serviformica,NA,9990279,57201203,01,Autre
57201203,410110,9990146,Formica SS,NA,9990146,57201203,01,Autre
57201203,410401,9990056,Serviformica,NA,9990056,57201203,04,ForetConifere
57201203,410901,9990375,Formica,Form_lugubris/paralugubris,9990375,57201203,09,lisiere
57201203,410902,9991297,Manica,Mani_rubi,9991297,57201203,09,lisiere
57201203,410902,9990213,Myrmica,Myrm_rugi,9990213,57201203,09,lisiere
57201203,410902,9990005,Temnothorax,NA,9990005,57201203,09,lisiere
57201203,410903,9990038,Serviformica,NA,9990038,57201203,09,lisiere
57201203,411101,9991549,Serviformica,NA,9991549,57201203,11,pierrier
57201203,411201,9991123,Serviformica,NA,9991123,57201203,12,PrairieSeche
57201203,411202,9990258,Serviformica,NA,9990258,57201203,12,PrairieSeche
57201203,411202,9990067,Myrmica,Myrm_sulc,9990067,57201203,12,PrairieSeche
57201203,411202,9991751,Leptothorax,Lept_acer,9991751,57201203,12,PrairieSeche
57201203,410400,9990943,Formica SS,NA,9990943,57201203,04,ForetConifere
57201203,411200,9991562,Formica,Form_lugubris/paralugubris,9991562,57201203,12,PrairieSeche
57281298,400101,9991273,Serviformica,NA,9991273,57281298,01,Autre
57281298,400101,9991964,Serviformica,NA,9991964,57281298,01,Autre
57281298,400105,9992308,Myrmica,weird - but with Schencki antennae,9992308,57281298,01,Autre
57281298,400107,9991671,Formica,NA,9991671,57281298,01,Autre
57281298,400107,9990408,Serviformica,NA,9990408,57281298,01,Autre
57281298,400110,9992336,Formica,NA,9992336,57281298,01,Autre
57281298,400112,9990703,Serviformica,NA,9990703,57281298,01,Autre
57281298,400113,9993095,Myrmica,weird - but with Schencki antennae,9993095,57281298,01,Autre
57281298,400114,9991005,Serviformica,NA,9991005,57281298,01,Autre
57281298,400801,9990775,Myrmica,weird - or Lepto?,9990775,57281298,08,Humide
57281298,400902,9991884,Formica,NA,9991884,57281298,09,lisiere
57281298,400902,9991178,Serviformica,NA,9991178,57281298,09,lisiere
57281298,400902,9991864,Coptoformica,NA,9991864,57281298,09,lisiere
57281298,401101,9990714,Serviformica,NA,9990714,57281298,11,pierrier
57281298,401101,9991154,Formica,NA,9991154,57281298,11,pierrier
57281298,401201,9990792,Myrmica,Myrm_rugi,9990792,57281298,12,PrairieSeche
57281298,400100,9990527,Coptoformica,NA,9990527,57281298,01,Autre
57281298,400100,9991894,Coptoformica,NA,9991894,57281298,01,Autre
57281298,400100,9991662,Formica,NA,9991662,57281298,01,Autre
57281298,400100,9991081,Formica,Form_lugubris/paralugubris,9991081,57281298,01,Autre
57281298,400100,9991101,Formica,Form_lugubris/paralugubris,9991101,57281298,01,Autre
57281298,400400,9993295,Formicoxenus,Formx_niti,9993295,57281298,04,ForetConifere
57281298,400400,9991885,Formica,Form_lugubris/paralugubris,9991885,57281298,04,ForetConifere
57281298,400900,9991100,Coptoformica,NA,9991100,57281298,09,lisiere
57281298,400900,9990978,Formica,NA,9990978,57281298,09,lisiere
57281298,401200,9991102,Coptoformica,NA,9991102,57281298,12,PrairieSeche
575126,030102,9990012,Lepto/Temno,NA,9990012,575126,01,Autre
575126,030102,9991530,Lepto/Temno,NA,9991530,575126,01,Autre
575126,030102,9991130,Formica,Form_lema,9991130,575126,01,Autre
575126,030104,9991564,Myrmica,Myrm_rugi,9991564,575126,01,Autre
575126,030106,9990237,Myrmica,Myrm_scab,9990237,575126,01,Autre
575126,030106,9991333,Myrmica,Myrm_scab,9991333,575126,01,Autre
575126,030107,9990033,Myrmica,Myrm_rugi,9990033,575126,01,Autre
575126,030110,9991347,Myrmica,Myrm_rubr,9991347,575126,01,Autre
575126,030403,9990770,Myrmica,Myrm_rugi,9990770,575126,04,ForetConifere
575126,030403,9990299,Myrmica,Myrm_rugi,9990299,575126,04,ForetConifere
575126,030403,9990766,Formica,Form_sang,9990766,575126,04,ForetConifere
575126,030601,9991502,Myrmica,Myrm_rugi,9991502,575126,06,ForetMixe
575126,030903,9990310,Serviformica,NA,9990310,575126,09,lisiere
575126,031201,9991556,Myrmica,Myrm_rugi,9991556,575126,12,PrairieSeche
575126,030100,9990786,Lasius,NA,9990786,575126,01,Autre
575126,030100,9990727,Lasius,NA,9990727,575126,01,Autre
575126,030100,9990914,Formica SS,NA,9990914,575126,01,Autre
575126,030400,9991133,Formica SS,NA,9991133,575126,04,ForetConifere
575126,030400,9991560,Formica SS,NA,9991560,575126,04,ForetConifere
575142,070102,9990277,Myrmica,Myrm_rubr,9990277,575142,01,Autre
575142,070103,9990339,Myrmica,Myrm_scab,9990339,575142,01,Autre
575142,070103,9990328,Myrmica,Myrm_scab,9990328,575142,01,Autre
575142,070103,9991534,Myrmica,Myrm_scab,9991534,575142,01,Autre
575142,070107,9990151,Myrmica,Myrm_rubr,9990151,575142,01,Autre
575142,070107,9990268,Myrmica,Myrm_rugi,9990268,575142,01,Autre
575142,070108,9990350,Myrmica,Myrm_rubr,9990350,575142,01,Autre
575142,070111,9990090,Myrmica,Myrm_scab,9990090,575142,01,Autre
575142,070111,9990026,Myrmica,Myrm_rubr,9990026,575142,01,Autre
575142,070111,9990267,Myrmica,Myrm_rubr,9990267,575142,01,Autre
575142,070405,9990290,Serviformica,NA,9990290,575142,04,ForetConifere
575142,070405,9990370,Myrmica,Myrm_rugi,9990370,575142,04,ForetConifere
575142,070405,9990954,Myrmica,Myrm_rubr,9990954,575142,04,ForetConifere
575142,070405,9990354,Myrmica,Myrm_rubr,9990354,575142,04,ForetConifere
575142,070601,9991148,Myrmica,Myrm_rugi,9991148,575142,06,ForetMixe
575142,071401,9990019,Serviformica,NA,9990019,575142,14,zalluviale
575142,070100,9990197,Lasius,Lasi_flav,9990197,575142,01,Autre
575142,070100,9990135,Serviformica,NA,9990135,575142,01,Autre
575142,070100,9990334,Serviformica,NA,9990334,575142,01,Autre
575142,070400,9990371,Formica,Form_lugubris/paralugubris,9990371,575142,04,ForetConifere
57711503,070500,9990006,Camponotus,NA,9990006,57711503,05,ForetFeuillus
539158,130500,9990013,Myrmica,Myrm_rugi,9990013,539158,05,ForetFeuillus
57711503,430100,9990027,Formica SS,NA,9990027,57711503,01,Autre
57711503,431202,9990030,Tetramorium,NA,9990030,57711503,12,PrairieSeche
57711503,431200,9990031,Formica SS,NA,9990031,57711503,12,PrairieSeche
57711503,430100,9990032,Formica,Form_lugubris/paralugubris,9990032,57711503,01,Autre
57711503,431200,9990034,Formica SS,NA,9990034,57711503,12,PrairieSeche
57711503,431203,9990036,Myrmica,Myrm_scab,9990036,57711503,12,PrairieSeche
57711503,430107,9990046,Serviformica,NA,9990046,57711503,01,Autre
57711503,430104,9990052,Myrmica,Myrm_lobu,9990052,57711503,01,Autre
57711503,430100,9990060,Coptoformica,NA,9990060,57711503,01,Autre
539158,130500,9990079,Formica SS,NA,9990079,539158,05,ForetFeuillus
57711503,431101,9990080,Myrmica,Myrm_rugi,9990080,57711503,11,pierrier
57711503,430101,9990086,Lasius,Lasi_flav,9990086,57711503,01,Autre
57711503,430100,9990089,Coptoformica,NA,9990089,57711503,01,Autre
539158,130500,9990105,Myrmica,Myrm_rugi,9990105,539158,05,ForetFeuillus
539158,130500,9990114,Myrmica,Myrm_rugi,9990114,539158,05,ForetFeuillus
539158,130500,9990145,Myrmica,Myrm_rugi,9990145,539158,05,ForetFeuillus
539158,130500,9990147,Myrmica,Myrm_rugi,9990147,539158,05,ForetFeuillus
539158,130500,9990158,Myrmica,Myrm_rugi,9990158,539158,05,ForetFeuillus
57711503,431203,9990179.1,Myrmica,Myrm_lobu,9990179,57711503,12,PrairieSeche
57711503,431203,9990179.2,Lasius,NA,9990179,57711503,12,PrairieSeche
539158,130500,9990191,Formica SS,NA,9990191,539158,05,ForetFeuillus
57711503,431200,9990274,Formica,Form_lugubris/paralugubris,9990274,57711503,12,PrairieSeche
57711503,430101,9990275,Lasius,Lasi_flav,9990275,57711503,01,Autre
57711503,430107,9990276,Serviformica,NA,9990276,57711503,01,Autre
57711503,431201,9990296,Serviformica,NA,9990296,57711503,12,PrairieSeche
57711503,431204,9990316,Tetramorium,NA,9990316,57711503,12,PrairieSeche
57711503,430901,9990322,Formica SS,NA,9990322,57711503,09,lisiere
57711503,430102,9990329,Myrmica,Myrm_lobi,9990329,57711503,01,Autre
57711503,431201,9990352,Serviformica,NA,9990352,57711503,12,PrairieSeche
57711503,430901,9990359,Serviformica,NA,9990359,57711503,09,lisiere
57711503,431301,9990368,Lasius,Lasi_flav,9990368,57711503,13,transport
57711503,430901,9990374,Myrmica,Myrm_lobi,9990374,57711503,09,lisiere
57711503,431204,9990382,Tetramorium,NA,9990382,57711503,12,PrairieSeche
57711503,430108,9990386,Coptoformica,NA,9990386,57711503,01,Autre
57711503,430901,9990388,Camponotus,NA,9990388,57711503,09,lisiere
57711503,430106,9990771,Lasius,Lasi_flav,9990771,57711503,01,Autre
57711503,430106,9990772,Myrmica,Myrm_scab,9990772,57711503,01,Autre
57711503,431301,9991541,Myrmica,Myrm_lona,9991541,57711503,13,transport
57711503,430106,9991547,Serviformica,NA,9991547,57711503,01,Autre
57711503,430901,9991566,Lasius,Lasi_flav,9991566,57711503,09,lisiere
57711503,430108,9991574,Serviformica,NA,9991574,57711503,01,Autre
57711503,430108,9991578,Lasius,Lasi_flav,9991578,57711503,01,Autre
57711503,430901,9991579,Formica SS,NA,9991579,57711503,09,lisiere
57781263,420101,9992916,Myrmica,Myrm_lobu,9992916,57781263,01,Autre
57781263,420101,9990880,Myrmica,Myrm_lobu,9990880,57781263,01,Autre
57781263,420101,9991571,Myrmica,Myrm_lobu,9991571,57781263,01,Autre
57781263,420101,9991083,Myrmica,Myrm_lobu,9991083,57781263,01,Autre
57781263,420101,9990522,Myrmica,Myrm_lobu,9990522,57781263,01,Autre
57781263,420101,9990691,Formica,Form_lema,9990691,57781263,01,Autre
57781263,420101,9990252,Myrmica,Myrm_sche,9990252,57781263,01,Autre
57781263,420102,9991847,Myrmica,Myrm_rugi,9991847,57781263,01,Autre
57781263,420103,9992927,Myrmica,Myrm_lobu,9992927,57781263,01,Autre
57781263,420103,9992714,Coptoformica,NA,9992714,57781263,01,Autre
57781263,420103,9990429,Formica,Form_lema,9990429,57781263,01,Autre
57781263,420103,9991289,Myrmica,Myrm_sche,9991289,57781263,01,Autre
57781263,420103,9990869,Myrmica,Myrm_lobu,9990869,57781263,01,Autre
57781263,420103,9990148,Myrmica,Myrm_lobu,9990148,57781263,01,Autre
57781263,420104,9990732,Formica,Form_lema,9990732,57781263,01,Autre
57781263,420106,9990754,Formica,Form_fusca,9990754,57781263,01,Autre
57781263,420106,9990878,Myrmica,Myrm_rugi,9990878,57781263,01,Autre
57781263,420106,9990717,Myrmica,Myrm_rugi,9990717,57781263,01,Autre
57781263,421104,9992321,Formica,Form_lema,9992321,57781263,11,pierrier
57781263,421202,9992899,Formica,fusca/lemani,9992899,57781263,12,PrairieSeche
57781263,421202,9990502,Formica,Form_lema,9990502,57781263,12,PrairieSeche
57781263,421202,9991946,Myrmica,Myrm_rugi,9991946,57781263,12,PrairieSeche
57781263,421203,9990916,Formica,Form_lema,9990916,57781263,12,PrairieSeche
57781263,421203,9993106,Formica,Form_lema,9993106,57781263,12,PrairieSeche
57781263,421204,9991647,Formica,Form_lema,9991647,57781263,12,PrairieSeche
57781263,421204,9990884,Formica,Form_lema,9990884,57781263,12,PrairieSeche
57781263,421204,9990023,Manica,Mani_rubi,9990023,57781263,12,PrairieSeche
57781263,421205,9993288,Myrmica,NA,9993288,57781263,12,PrairieSeche
57781263,421205,9993299,Formica,Form_lema,9993299,57781263,12,PrairieSeche
57781263,421301,9991291,Formica,Form_lema,9991291,57781263,13,transport
57781263,420100,9991833,Formica,Form_lema,9991833,57781263,01,Autre
57781263,420100,9991931,Formica,pressilabris,9991931,57781263,01,Autre
57781263,420100,9992324,Formica,pressilabris,9992324,57781263,01,Autre
57781263,420100,9991180,Formica,pressilabris,9991180,57781263,01,Autre
57781263,420100,9990405,Formica,pressilabris,9990405,57781263,01,Autre
57781263,420100,9991846,Formica,pressilabris,9991846,57781263,01,Autre
57781263,420100,9992501,Formica,pressilabris,9992501,57781263,01,Autre
57781263,420100,9991254,Formica,pressilabris,9991254,57781263,01,Autre
57781263,420100,9991957,Formica,pressilabris,9991957,57781263,01,Autre
57781263,420100,9990009,Formica,pressilabris,9990009,57781263,01,Autre
57781263,420100,9991196,Formica,pressilabris,9991196,57781263,01,Autre
57781263,420100,9990556,Formica,pressilabris,9990556,57781263,01,Autre
57781263,421100,9991265,Formica SS,NA,9991265,57781263,11,pierrier
57781263,421200,9990908,Formica,pressilabris,9990908,57781263,12,PrairieSeche
57781263,421200,9991643,Formica,pressilabris,9991643,57781263,12,PrairieSeche
57781263,421200,9991854,Formica,pressilabris,9991854,57781263,12,PrairieSeche
57781263,421200,9991271,Formica,pressilabris,9991271,57781263,12,PrairieSeche
57781263,421200,9993084,Formica,pressilabris,9993084,57781263,12,PrairieSeche
57781263,421200,9992335,Formica,pressilabris,9992335,57781263,12,PrairieSeche
57781263,421200,9991649,Formica,Form_lugubris/paralugubris,9991649,57781263,12,PrairieSeche
58041300,440102,9990303,Myrmica,Myrm_sche,9990303,58041300,01,Autre
58041300,440103,9991573,Myrmica,Myrm_scab,9991573,58041300,01,Autre
58041300,440103,9990377,Formica,Form_lema,9990377,58041300,01,Autre
58041300,440103,9990338,Formica,Form_lema,9990338,58041300,01,Autre
58041300,440103,9990336,Coptoformica,NA,9990336,58041300,01,Autre
58041300,440103,9990774,Formica,Form_lema,9990774,58041300,01,Autre
58041300,440106,9990306,Myrmica,NA,9990306,58041300,01,Autre
58041300,440106,9991344,Formica,Form_lema,9991344,58041300,01,Autre
58041300,440106,9990314,Formica,Form_lema,9990314,58041300,01,Autre
58041300,440106,9990305,Formica,fusca/lemani,9990305,58041300,01,Autre
58041300,440107,9990281,Myrmica,Myrm_rugi,9990281,58041300,01,Autre
58041300,441106,9990215,Formica,Form_lema,9990215,58041300,11,pierrier
58041300,440100,9990018,Formica,Form_rufa,9990018,58041300,01,Autre
581134,040101,9992912,Myrmica,Myrm_rugi,9992912,581134,01,Autre
581134,040103,9990552,Manica,Mani_rubi,9990552,581134,01,Autre
581134,040105,9992910,Myrmica,Myrm_scab,9992910,581134,01,Autre
581134,040105,9990054,Yellow Lasius,NA,9990054,581134,01,Autre
581134,040105,9990075,Formica,Form_lema,9990075,581134,01,Autre
581134,040107,9990540,Formica,Form_lema,9990540,581134,01,Autre
581134,040110,9990866,Formica SS,NA,9990866,581134,01,Autre
581134,040112,9991355,Myrmica,Myrm_scab,9991355,581134,01,Autre
581134,040112,9991646,Myrmica,Myrm_sche,9991646,581134,01,Autre
581134,040112,9990362,Formica SS,NA,9990362,581134,01,Autre
581134,040113,9992914,Myrmica,Myrm_scab,9992914,581134,01,Autre
581134,041001,9991276,Myrmica,Myrm_sabu,9991276,581134,10,marais
581134,041101,9992510,Formica,Form_rufa,9992510,581134,11,pierrier
581134,041202,9993115,Myrmica,Myrm_gall,9993115,581134,12,PrairieSeche
581134,041202,9993090,Formica,Form_lema,9993090,581134,12,PrairieSeche
581134,040100,9991274,Formica,Form_lema,9991274,581134,01,Autre
581134,040100,9993301,Coptoformica,NA,9993301,581134,01,Autre
581134,040100,9992885,Coptoformica,NA,9992885,581134,01,Autre
581134,040100,9993091,Coptoformica,NA,9993091,581134,01,Autre
581134,040400,9991457,Formica SS,NA,9991457,581134,04,ForetConifere
581134,040900,9990690,Formica SS,NA,9990690,581134,09,lisiere
581134,041200,9990561,Coptoformica,NA,9990561,581134,12,PrairieSeche
581134,041200,9992349,Coptoformica,NA,9992349,581134,12,PrairieSeche
581134,041200,9991891,Coptoformica,NA,9991891,581134,12,PrairieSeche
581150,080101,9991086,Myrmica,Myrm_rubr,9991086,581150,01,Autre
581150,080102,9992323,Tapinoma,NA,9992323,581150,01,Autre
581150,080103,9990356,Myrmica,NA,9990356,581150,01,Autre
581150,080105,9991950,Manica,Mani_rubi,9991950,581150,01,Autre
581150,080110,9991906,Myrmica,NA,9991906,581150,01,Autre
581150,080111,9992538,Myrmica,NA,9992538,581150,01,Autre
581150,080114,9992693,Myrmica,NA,9992693,581150,01,Autre
581150,081001,9993300,Serviformica,NA,9993300,581150,10,marais
581150,081001,9991465,Yellow Lasius,NA,9991465,581150,10,marais
581150,081001,9991177,Yellow Lasius,NA,9991177,581150,10,marais
581150,081301,9992145,Myrmica,Myrm_rugi,9992145,581150,13,transport
581150,080100,9991161,Yellow Lasius,NA,9991161,581150,01,Autre
581150,080100,9991523,Yellow Lasius,NA,9991523,581150,01,Autre
581150,080100,9992891,Yellow Lasius,NA,9992891,581150,01,Autre
581150,080100,9991388,Yellow Lasius,NA,9991388,581150,01,Autre
581150,080100,9993289,Yellow Lasius,NA,9993289,581150,01,Autre
581150,080100,9991677,Yellow Lasius,NA,9991677,581150,01,Autre
581150,080100,9991517,Serviformica,NA,9991517,581150,01,Autre
581150,080100,9992132,Serviformica,NA,9992132,581150,01,Autre
581150,080100,9990600,Formica,NA,9990600,581150,01,Autre
581150,080900,9991371,Formica,NA,9991371,581150,09,lisiere
581150,080900,9990976,Formica,NA,9990976,581150,09,lisiere
581150,081000,9991719,Formica,NA,9991719,581150,10,marais
581150,081200,9990815,Yellow Lasius,NA,9990815,581150,12,PrairieSeche
569198,170101,9991903,NA,NA,9991903,569198,01,Autre
569198,170101,9992123,NA,NA,9992123,569198,01,Autre
569198,170101,9991314,NA,NA,9991314,569198,01,Autre
569198,170501,9990488,NA,NA,9990488,569198,05,ForetFeuillus
569198,170501,9990889,NA,NA,9990889,569198,05,ForetFeuillus
569198,170501,9991692,NA,NA,9991692,569198,05,ForetFeuillus
569198,170501,9991707,NA,NA,9991707,569198,05,ForetFeuillus
569198,170501,9992149,NA,NA,9992149,569198,05,ForetFeuillus
503150,341200,9990184,NA,NA,9990184,503150,12,PrairieSeche
503150,341301,9990428,NA,NA,9990428,503150,13,transport
527158,270100,9991112,NA,NA,9991112,527158,01,Autre
569118,010406,9991850,NA,NA,9991850,569118,04,ForetConifere
57201203,410104,9990740,NA,NA,9990740,57201203,01,Autre
57201203,410104,9990749,NA,NA,9990749,57201203,01,Autre
57711503,430501,9990044,NA,NA,9990044,57711503,05,ForetFeuillus
